institution,ar score,er score,fsr score,cpf score,ifr score,isr score,irn score,ger score,score_scaled
Massachusetts Institute of Technology (MIT) ,100.0,100.0,100.0,100.0,100.0,90.0,96.1,100,100.0
University of Cambridge,100.0,100.0,100.0,92.3,100.0,96.3,99.5,100,98.8
Stanford University,100.0,100.0,100.0,99.9,99.8,60.3,96.3,100,98.5
University of Oxford,100.0,100.0,100.0,90.0,98.8,98.4,99.9,100,98.4
Harvard University,100.0,100.0,99.4,100.0,76.9,66.9,100.0,100,97.6
California Institute of Technology (Caltech),96.5,87.1,100.0,100.0,99.8,85.1,73.0,98.8,97.0
Imperial College London,98.3,99.7,99.5,86.5,100.0,100.0,98.1,88.8,97.0
UCL,99.4,98.6,97.6,77.0,99.2,100.0,100.0,90.3,95.0
ETH Zurich - Swiss Federal Institute of Technology,98.6,91.3,74.2,99.2,100.0,98.0,96.2,91.1,93.6
University of Chicago,99.2,92.2,92.9,86.8,81.6,76.0,89.6,98.2,93.2
National University of Singapore (NUS),99.5,94.1,79.8,91.8,100.0,73.5,89.9,99.6,92.7
Peking University,99.3,96.5,87.3,96.7,57.1,36.9,77.5,91.4,91.3
University of Pennsylvania,96.5,92.5,99.9,70.9,96.2,66.1,93.3,100,90.6
Tsinghua University,98.9,97.7,92.8,98.1,16.7,25.7,75.5,87.1,90.1
The University of Edinburgh,98.0,97.2,81.1,70.1,98.9,99.5,98.7,54.3,89.5
EPFL,83.7,71.8,91.1,99.4,100.0,100.0,87.3,28,89.2
Princeton University,99.9,98.9,72.6,100.0,26.0,62.2,78.5,100,89.2
Yale University,99.9,100.0,100.0,51.5,89.2,77.3,92.0,100,89.0
"Nanyang Technological University, Singapore (NTU)",90.4,76.1,83.2,94.1,100.0,74.1,89.6,84.6,88.4
Cornell University,98.3,91.4,62.2,99.3,63.9,55.3,90.0,99.5,87.2
The University of Hong Kong,97.4,62.9,84.2,72.6,100.0,98.7,81.1,99,87.0
Columbia University,99.7,98.1,100.0,47.2,47.6,94.6,98.9,99.8,86.7
The University of Tokyo,100.0,99.7,91.9,73.3,10.4,27.8,89.5,97.8,85.3
Johns Hopkins University,87.9,47.2,100.0,87.3,63.6,82.9,97.7,95.3,85.1
University of Michigan-Ann Arbor,98.5,91.3,88.9,62.5,71.2,33.1,96.3,96,84.4
Université PSL,74.4,97.0,99.8,84.1,59.7,83.6,99.7,53.9,83.8
"University of California, Berkeley (UCB)",100.0,100.0,23.9,99.9,93.3,57.7,96.7,99.1,82.7
The University of Manchester,95.1,97.7,63.1,59.0,93.4,99.4,98.9,66.4,82.3
Seoul National University,98.6,97.8,87.0,70.3,12.2,10.3,79.3,97.7,82.2
The Australian National University,93.6,70.1,38.0,99.3,100.0,96.0,94.6,59.1,82.1
McGill University,93.3,93.6,68.9,59.6,87.6,95.1,95.2,90,81.9
Northwestern University,84.4,71.9,98.3,84.2,40.5,38.8,89.0,98.4,81.8
The University of Melbourne,98.6,94.9,17.9,95.0,93.1,99.8,97.6,91.1,81.6
Fudan University,83.6,93.5,89.3,70.4,89.3,38.7,70.6,65.7,81.5
University of Toronto,99.6,98.3,65.6,43.5,95.8,95.7,96.7,94,81.5
Kyoto University,98.6,98.9,94.8,54.2,14.9,22.1,85.5,56.9,81.4
King's College London,88.8,83.2,74.5,60.5,98.6,100.0,99.3,56.9,81.2
The Chinese University of Hong Kong (CUHK),87.3,49.6,60.9,92.9,100.0,90.5,74.9,79.4,80.6
New York University (NYU),95.9,99.0,98.1,28.9,31.3,94.4,92.0,99.7,80.3
The Hong Kong University of Science and Technology,82.0,50.1,62.6,98.6,100.0,87.9,56.2,91.2,79.8
The University of Sydney,96.2,91.7,15.6,92.1,99.3,100.0,97.3,90.8,79.6
KAIST - Korea Advanced Institute of Science & Technology,88.1,85.8,68.9,97.7,23.1,12.3,65.2,63.2,79.3
Zhejiang University,72.2,95.3,78.7,88.4,99.1,42.5,80.8,42.3,79.3
"University of California, Los Angeles (UCLA)",100.0,99.9,37.7,85.9,45.1,27.5,96.3,98,78.7
The University of New South Wales (UNSW Sydney),89.0,91.1,16.8,97.6,100.0,99.8,98.2,93,78.0
Shanghai Jiao Tong University,82.7,90.2,57.7,97.1,40.9,38.4,73.9,57.8,77.4
University of British Columbia,98.0,95.4,56.5,42.1,89.0,74.9,97.9,75.2,77.0
Institut Polytechnique de Paris,45.3,99.4,98.9,94.0,97.0,98.2,94.8,99.8,76.8
Technical University of Munich,84.0,96.8,96.4,25.8,70.3,95.0,91.8,37.5,76.4
Duke University,86.1,79.8,100.0,41.2,20.2,55.1,95.5,98.6,74.8
The University of Queensland,86.6,75.6,20.2,90.8,100.0,100.0,94.6,41.8,74.8
Carnegie Mellon University,72.1,69.0,58.6,100.0,38.2,97.1,88.7,85.3,74.6
"University of California, San Diego (UCSD)",90.0,61.6,55.6,77.0,54.9,53.7,96.9,21.2,74.5
City University of Hong Kong,57.3,29.4,88.6,98.1,100.0,100.0,55.1,57.2,73.6
Tokyo Institute of Technology (Tokyo Tech),74.1,93.4,81.5,65.9,36.1,37.9,55.8,33.6,72.5
The London School of Economics and Political Science (LSE),69.0,98.3,37.8,84.6,100.0,100.0,67.6,99.9,72.3
Monash University,87.6,80.8,11.2,79.3,100.0,100.0,95.1,56.8,71.6
University of Amsterdam,82.7,42.3,26.7,97.3,92.3,80.7,97.2,51.4,71.1
Ludwig-Maximilians-Universität München,92.6,75.7,56.0,45.5,64.2,38.8,94.7,39.3,70.4
Sorbonne University,90.0,41.7,40.6,86.3,28.3,54.7,99.6,60.9,70.1
Delft University of Technology,71.6,80.2,34.5,84.4,100.0,83.7,95.9,64,70.0
University of Bristol,74.4,84.1,58.3,55.3,90.5,84.9,93.9,59.6,70.0
Brown University,57.6,54.2,80.8,89.9,82.8,49.8,73.6,99.6,69.6
The University of Warwick,71.8,89.3,43.1,63.1,98.1,99.2,93.6,62,69.1
Ruprecht-Karls-Universität Heidelberg,78.7,40.3,99.8,41.1,51.3,47.2,95.2,22.8,69.0
The Hong Kong Polytechnic University,66.1,37.0,78.4,68.9,100.0,80.7,74.2,49.2,69.0
Universidad de Buenos Aires (UBA),92.3,94.0,76.0,1.8,63.7,68.9,63.0,34.3,68.9
Osaka University,80.2,85.4,67.4,59.1,25.0,14.4,75.2,21,68.2
Université Paris-Saclay,57.2,99.2,99.7,49.5,43.7,59.1,97.1,7.8,68.1
Universiti Malaya (UM),79.6,94.9,67.8,39.4,43.6,53.0,91.8,41.9,67.9
Pohang University of Science And Technology (POSTECH),47.4,69.4,100.0,98.0,34.7,2.9,30.9,54.8,67.7
University of Texas at Austin,93.7,85.2,9.8,90.9,7.6,10.8,90.9,71.1,67.4
Yonsei University,75.5,95.5,88.6,28.4,19.4,51.3,63.5,68.8,67.0
Korea University,79.3,93.9,86.1,29.5,14.7,32.9,63.1,71.8,66.9
Lomonosov Moscow State University,80.5,77.0,99.8,5.3,19.2,91.9,87.5,91.2,66.8
KU Leuven,83.8,53.0,7.7,92.7,91.9,43.3,99.1,44.8,66.0
National Taiwan University (NTU),92.3,92.6,33.4,49.7,19.0,32.6,75.0,96.7,65.7
University of Southampton,50.7,56.6,63.3,82.7,96.1,93.8,96.7,42.8,65.0
Tohoku University,71.8,78.1,98.6,34.2,14.1,16.4,66.8,18.7,64.9
University of Washington,84.8,48.6,10.8,100.0,32.5,36.0,97.6,84.1,64.7
University of Glasgow,75.1,75.1,50.5,34.7,95.5,98.9,94.7,29.4,64.6
University of Copenhagen,72.8,36.6,100.0,26.0,91.3,24.5,99.1,58.2,64.1
University of Wisconsin-Madison,82.4,48.1,70.6,41.9,37.7,23.8,93.2,84.6,63.7
University of Zurich,58.0,39.2,93.3,49.3,100.0,55.5,93.5,77.8,63.7
University of Illinois at Urbana-Champaign,85.6,60.9,9.5,88.7,20.3,46.4,92.2,70,63.6
University of Leeds,70.2,78.4,41.6,47.8,86.3,86.5,97.8,42.9,62.8
The University of Auckland,81.5,48.3,22.4,54.1,99.9,92.4,87.2,79.2,62.7
Georgia Institute of Technology,67.7,77.0,11.1,95.5,62.9,54.8,78.5,63.5,62.3
KTH Royal Institute of Technology ,45.8,58.2,70.0,76.4,97.1,70.2,89.9,81.4,62.1
The University of Western Australia,55.6,49.9,21.8,98.9,100.0,99.9,98.2,65,61.7
University of Birmingham,66.0,74.7,44.1,45.9,91.0,87.4,95.1,37.6,61.1
Durham University,57.9,89.2,31.0,65.7,97.2,87.2,89.1,43.6,60.9
Pennsylvania State University,76.7,69.8,32.6,67.7,25.3,31.0,96.8,44.8,60.8
University of Science and Technology of China,51.6,12.4,86.6,99.9,18.7,5.7,67.0,37.6,60.7
Lund University,68.8,50.9,51.3,41.4,95.8,76.6,97.6,64.9,60.1
The University of Sheffield,58.7,53.5,59.4,46.9,85.3,97.8,94.7,33.7,59.5
University of St Andrews,46.2,67.6,61.1,58.9,98.8,99.7,83.4,44.1,59.5
"Trinity College Dublin, The University of Dublin",67.9,48.2,25.7,60.2,99.8,93.3,87.3,97.9,59.1
Sungkyunkwan University(SKKU),60.2,72.7,83.9,37.8,18.9,38.7,58.8,33.9,58.9
Rice University,38.8,26.1,69.5,86.7,90.0,92.6,57.2,70.7,58.8
University of Oslo,54.9,14.5,83.8,62.7,86.2,27.5,97.9,65.7,58.7
"University of California, Davis",64.8,51.0,27.1,68.7,84.7,70.2,90.2,25,58.2
"University of North Carolina, Chapel Hill",65.5,44.7,80.4,46.6,27.2,10.0,90.0,67.4,58.2
Technical University of Denmark,30.9,23.4,100.0,70.8,100.0,77.2,91.2,68.3,58.0
Universidad Nacional Autónoma de México (UNAM),96.0,95.1,43.2,2.9,9.3,2.6,91.3,61.5,58.0
King Abdulaziz University (KAU),48.4,70.7,66.3,50.6,99.0,54.3,93.4,10.5,57.8
University of Helsinki,65.3,44.6,66.5,49.8,67.9,5.8,95.2,62.5,57.8
Boston University,62.3,57.2,40.4,61.6,33.7,83.3,86.9,80.5,57.2
The University of Adelaide,52.3,35.2,17.2,94.5,99.8,99.8,93.1,40.2,57.0
University of Alberta,55.1,48.9,51.5,53.9,95.3,76.9,96.1,41,56.9
École Normale Supérieure de Lyon,31.8,12.6,94.3,96.4,66.0,17.4,70.1,44.3,56.6
Nagoya University,59.8,54.3,90.6,33.9,15.8,20.0,66.5,35.1,56.3
Utrecht University,65.8,26.6,35.1,79.6,58.3,23.1,94.7,42.5,56.3
University of Nottingham,59.0,75.3,36.9,45.2,90.3,76.7,98.1,32.5,56.2
Universidade de São Paulo,91.8,69.9,17.4,40.6,7.6,2.7,94.7,78.9,56.1
Aalto University,44.5,45.8,44.4,89.3,94.9,35.6,90.3,79.8,55.9
Université de Montréal ,57.4,47.2,76.2,27.6,89.5,53.7,86.0,19.3,55.9
Freie Universitaet Berlin,80.7,44.9,4.0,63.5,63.0,42.0,91.9,33.3,55.8
Washington University in St. Louis,40.1,15.3,99.9,55.6,82.4,55.1,84.9,71,55.8
University of Bern,30.3,35.5,64.9,98.3,100.0,41.9,95.3,18.4,55.7
Pontificia Universidad Católica de Chile (UC),91.8,98.1,22.3,12.5,17.9,3.9,82.7,90.4,54.9
Newcastle University,46.2,83.8,39.1,58.9,84.8,75.6,96.9,14.9,54.8
Universiti Putra Malaysia (UPM),56.8,59.2,75.4,19.5,44.2,92.7,85.0,6.2,54.7
Wageningen University & Research,42.8,17.0,97.4,48.2,50.5,76.4,96.9,18.8,54.6
Chalmers University of Technology,27.9,60.7,60.5,81.6,100.0,72.4,84.1,22.5,54.5
Queen Mary University of London,48.9,36.2,42.8,62.6,99.7,99.5,93.7,13.8,54.5
University of Geneva,46.5,20.0,44.8,74.0,100.0,96.7,92.8,45.9,54.5
Uppsala University,63.6,27.4,43.4,43.4,95.3,74.7,97.1,48.5,54.3
Purdue University,62.7,73.1,11.7,70.9,51.7,48.4,92.2,63.8,54.2
Universiti Kebangsaan Malaysia (UKM),57.9,62.0,93.1,9.4,42.8,38.7,76.5,5.6,54.2
Humboldt-Universität zu Berlin,90.1,55.6,8.7,29.5,58.1,33.9,91.4,26,54.1
Leiden University,68.1,23.4,22.2,65.8,85.1,47.2,94.7,30,54.1
Nanjing University,57.7,17.7,32.3,96.1,54.0,8.2,74.9,29.6,53.9
University of Southern California,54.6,59.1,28.4,71.7,36.1,77.4,89.2,94.8,53.7
Kyushu University,56.6,65.0,84.9,26.8,15.1,20.7,66.1,22.4,53.5
University of Basel,28.0,26.8,53.8,95.7,100.0,84.1,90.1,52.7,53.3
University of Technology Sydney,41.8,66.1,9.6,90.4,94.6,97.6,89.5,39.9,53.2
Eindhoven University of Technology,28.9,72.8,50.5,78.2,100.0,56.9,72.3,45.1,52.7
Politecnico di Milano,67.8,76.8,5.4,53.5,57.5,54.3,87.8,39.7,52.4
The Ohio State University,61.1,62.2,51.1,34.6,63.0,16.2,96.5,41.9,52.0
Hokkaido University,55.6,60.7,77.8,30.0,18.3,17.2,72.8,16.7,51.9
"KIT, Karlsruhe Institute of Technology",44.7,67.7,33.3,72.0,68.6,50.6,89.6,54.3,51.9
Ghent University,54.0,30.1,83.2,26.9,72.5,21.4,99.1,24.8,51.6
Universiti Sains Malaysia (USM),59.7,66.6,65.2,13.4,25.4,75.3,79.6,6,51.6
University of Groningen,51.6,21.6,54.4,42.2,93.4,86.9,96.3,20.9,51.4
Lancaster University,39.6,30.0,31.5,82.2,93.3,94.5,88.9,28.3,51.2
RWTH Aachen University,49.5,88.7,5.4,73.3,48.3,81.1,84.1,30.8,51.1
University of Rochester,23.8,20.1,99.3,55.0,74.9,95.1,75.1,46.5,51.1
"University of California, Santa Barbara (UCSB)",55.9,24.0,10.6,97.2,57.8,28.4,78.4,15.6,50.9
Al-Farabi Kazakh National University,49.1,76.9,98.3,1.3,30.5,34.6,35.3,12.3,50.8
University of Vienna,69.4,55.3,24.2,14.1,98.9,89.2,96.6,73,50.6
McMaster University,39.9,50.2,84.7,21.3,99.3,59.2,79.8,42.9,50.4
Stockholm University,54.5,17.7,29.2,62.5,82.0,77.1,97.3,69.3,50.1
University of Waterloo,40.2,77.6,7.0,82.5,79.0,82.0,83.6,87.7,50.0
Emory University,25.2,15.7,99.1,68.7,50.1,31.1,87.7,44.5,49.5
Indian Institute of Science,37.6,22.9,56.3,100.0,11.7,1.9,46.0,14.8,49.5
Hanyang University,45.0,79.1,83.2,17.6,18.8,43.8,68.0,33.9,49.4
Technische Universität Berlin (TU Berlin),55.1,64.9,48.5,23.6,46.1,75.0,83.2,31.6,49.3
Michigan State University,60.5,61.4,12.9,58.9,62.1,16.9,93.2,53.6,48.9
King Fahd University of Petroleum & Minerals,30.3,24.9,88.5,50.9,100.0,21.8,70.2,66.7,48.8
Aarhus University,55.6,33.5,32.4,55.2,87.9,16.3,95.4,33.5,48.6
University of York,43.3,36.1,45.0,48.6,88.1,82.1,88.9,23.7,48.4
The University of Exeter,41.1,56.1,31.5,55.3,92.3,77.7,94.8,15.9,48.2
Texas A&M University,61.5,65.0,5.0,67.8,24.8,14.7,91.1,36.3,47.9
"University of Maryland, College Park",51.2,35.6,37.1,71.1,23.8,14.9,92.6,61.4,47.9
Cardiff University,46.0,47.7,40.3,41.8,84.1,74.7,91.4,19.5,47.8
Alma Mater Studiorum - University of Bologna,78.5,43.1,3.5,49.7,7.8,10.8,95.1,40.7,47.5
Universidad de Chile,80.0,92.0,12.5,13.9,9.4,5.6,77.4,42.6,47.5
Eberhard Karls Universität Tübingen,44.7,21.0,96.7,14.9,67.0,26.1,96.5,16.6,47.2
Tecnológico de Monterrey,48.8,92.8,72.9,2.2,52.9,8.6,65.1,85.6,47.1
Sapienza University of Rome,78.0,36.6,4.5,50.2,3.4,11.4,98.0,55.8,46.8
Indian Institute of Technology Bombay (IITB),53.3,86.5,25.8,55.1,3.9,1.6,58.0,76.7,46.7
Western University,30.6,60.5,4.6,96.9,99.8,57.2,86.0,81,46.7
Ecole des Ponts ParisTech,8.4,55.3,97.4,56.7,36.3,95.0,43.8,90.4,46.5
Indian Institute of Technology Delhi (IITD),49.0,79.2,27.7,65.2,2.6,1.7,42.2,84.8,46.5
Case Western Reserve University,18.3,20.2,89.1,65.8,47.8,64.6,72.5,40.9,46.2
National Tsing Hua University,51.3,69.0,34.4,47.7,17.7,19.1,35.8,5.5,45.9
Universitat Autònoma de Barcelona,62.2,28.9,11.8,66.9,20.7,20.2,94.1,20,45.8
Technische Universität Wien,30.9,50.3,12.3,86.6,79.7,86.7,76.7,29.5,45.7
University of Bath,34.4,68.9,19.9,59.1,97.4,83.6,78.2,41,45.7
Khalifa University of Science and Technology,16.6,15.2,91.7,51.9,100.0,69.7,72.8,15.8,45.6
University College Dublin,48.7,46.8,22.5,43.0,98.7,63.1,87.6,64.4,45.6
University of Pittsburgh,39.9,16.3,96.3,37.4,7.9,13.8,90.3,44,45.6
Universitat de Barcelona,71.9,28.1,13.6,44.5,14.6,26.5,96.9,53.5,45.5
University of Gothenburg,37.4,20.1,66.1,34.4,86.9,74.4,94.9,48.7,45.4
University of Minnesota Twin Cities,60.1,28.2,38.2,49.2,7.1,10.1,97.6,54.5,45.4
University of Wollongong,29.4,34.1,20.9,88.0,93.9,70.1,91.4,24.2,45.4
University of Florida,48.5,47.0,71.4,26.4,17.5,11.3,98.0,54,45.3
Albert-Ludwigs-Universitaet Freiburg,47.4,18.6,36.5,57.3,67.6,41.0,89.0,19.3,45.2
RMIT University,36.6,55.5,6.7,66.0,100.0,93.4,85.8,41,44.6
University of Liverpool,42.7,34.3,41.5,33.7,87.5,88.5,98.1,38.9,44.6
"The University of Newcastle, Australia (UON)",29.1,25.7,34.1,86.7,99.9,17.6,78.6,45.1,44.5
Curtin University,30.5,41.2,13.9,89.4,100.0,44.0,93.7,20.1,44.4
Wuhan University,38.8,56.6,13.8,88.1,42.4,7.2,72.8,32.7,44.3
Macquarie University,30.9,48.9,13.6,74.6,93.0,88.9,88.3,53.9,44.2
Université catholique de Louvain (UCLouvain),49.7,43.0,5.4,61.7,89.4,38.4,89.6,49.1,44.2
Keio University,50.3,91.9,60.3,6.6,10.6,12.4,46.0,83.7,44.1
Ulsan National Institute of Science and Technology (UNIST),11.8,7.4,79.8,99.9,38.3,12.0,31.7,14.9,44.1
Vanderbilt University,25.9,22.2,100.0,38.5,38.7,30.0,83.0,56.1,43.9
Technische Universität Dresden,37.4,37.0,89.1,14.9,42.9,36.0,94.2,9.9,43.6
Rheinische Friedrich-Wilhelms-Universität Bonn,51.3,16.9,68.1,15.1,51.9,32.1,92.4,22.8,43.3
National Yang Ming Chiao Tung University,34.8,74.6,50.3,46.2,23.8,22.3,42.8,51.3,43.2
Universiti Teknologi Malaysia ,44.5,55.9,46.3,28.6,12.0,77.2,82.9,13.1,43.0
University of Lausanne,30.6,16.8,43.5,61.0,99.9,59.1,82.0,53.4,43.0
Dartmouth College,19.2,25.9,65.2,86.7,5.7,32.8,53.7,96.7,42.8
Waseda University,58.7,96.5,27.2,4.4,28.4,35.2,63.5,72.2,42.8
University of Bergen,33.8,8.1,76.0,41.1,86.6,8.0,87.9,21.7,42.7
Erasmus University Rotterdam ,35.6,47.0,28.3,54.9,83.2,53.2,87.1,56.1,42.6
Qatar University,24.4,33.2,61.1,36.9,100.0,94.8,90.1,1.1,42.6
Universidade Estadual de Campinas (Unicamp),68.7,32.7,11.6,43.2,8.1,3.2,84.1,13.4,42.5
Universite libre de Bruxelles,34.3,50.4,4.1,67.8,96.6,86.3,82.2,49.6,42.5
Tongji University,33.2,10.0,26.6,87.5,66.2,35.8,71.0,25.9,42.4
University of Twente,20.2,36.3,37.0,67.9,98.8,90.7,82.5,9.2,42.4
Vrije Universiteit Amsterdam,39.7,12.6,30.0,70.0,64.6,33.5,89.8,19,42.3
Universidad Autónoma de Madrid,59.0,55.5,37.3,20.8,9.0,14.7,89.3,23,42.2
University of Göttingen,49.3,21.5,64.1,18.7,48.4,23.6,92.7,15.4,42.2
Harbin Institute of Technology,26.6,8.9,50.5,96.5,9.5,7.8,64.7,15.4,42.0
University of Otago,47.1,34.3,12.5,51.4,100.0,34.5,77.0,49.3,42.0
Arizona State University,46.7,40.2,8.2,59.9,67.7,37.1,90.2,33.4,41.8
Universidad de los Andes,62.9,95.0,19.5,6.1,30.5,1.8,56.9,66.1,41.6
University of Aberdeen,28.3,36.0,33.5,50.6,94.8,97.6,87.4,19,41.6
Queensland University of Technology (QUT),39.5,40.0,7.7,65.1,97.5,41.4,90.0,22.1,41.5
The Hebrew University of Jerusalem,34.8,23.8,78.8,28.7,63.7,7.1,74.6,89.3,41.5
Chulalongkorn University,65.1,63.8,34.6,6.2,9.6,2.8,75.1,93.6,41.4
National Cheng Kung University (NCKU),47.2,71.9,40.7,22.2,27.8,22.9,51.4,17.9,41.4
Complutense University of Madrid,69.2,57.4,22.3,10.2,5.7,15.1,96.4,67,41.2
Southern University of Science and Technology,7.8,1.7,97.7,80.9,38.2,1.7,56.9,4.2,41.2
Universität Hamburg,50.8,19.8,16.0,58.9,43.3,21.1,93.2,34.4,40.7
University of Reading,33.2,29.1,20.9,55.0,93.3,83.9,90.4,29.6,40.4
Bauman Moscow State Technical University,27.2,50.2,100.0,1.4,37.3,41.2,8.6,16.5,40.3
Gadjah Mada University,49.1,55.1,62.3,1.6,39.2,2.0,28.8,36.2,40.2
Radboud University ,29.9,13.5,27.6,82.4,69.8,19.4,90.9,6.5,40.0
Queen's University Belfast,31.7,27.6,34.5,37.3,99.3,99.0,95.1,11.4,39.9
Universitat Pompeu Fabra (Barcelona),30.8,26.2,9.9,91.5,67.3,22.2,78.4,51.4,39.9
Bandung Institute of Technology (ITB),43.7,54.3,62.2,2.3,66.6,3.1,21.5,41.6,39.5
"University of California, Irvine",39.7,18.4,12.9,59.9,72.0,69.1,85.8,11.6,39.5
King Saud University,34.5,13.1,60.8,29.3,98.6,23.3,93.4,83.4,39.4
University of Cape Town,43.6,50.7,15.7,44.6,62.1,30.1,95.5,92.8,39.4
University of Ottawa,25.9,38.8,4.4,80.3,90.5,70.8,90.7,10.8,39.4
University of Sussex,23.9,6.8,16.2,80.5,96.9,92.5,85.9,38,39.2
USI - Università della Svizzera italiana,5.3,4.6,85.0,47.2,100.0,100.0,38.5,61.7,39.2
University of Calgary,36.1,50.5,21.2,41.9,80.6,54.2,85.2,35.3,39.0
Universidad Nacional de Colombia,67.5,93.4,6.1,3.6,7.2,1.5,58.6,36.3,38.9
Università di Padova,56.2,30.4,9.3,51.9,11.5,7.1,93.4,10.5,38.9
University of Notre Dame,26.6,44.2,61.5,47.3,23.5,15.2,74.8,74.8,38.9
Queen's University at Kingston,38.6,69.0,6.1,49.6,70.3,33.2,77.6,74.1,38.8
Yeshiva University,2.6,3.7,85.5,98.5,,8.9,42.2,24.1,38.8
Universitas Indonesia,47.5,62.4,44.9,1.9,72.7,4.7,40.3,35.8,38.7
Université Paris Cité,34.7,6.8,11.9,91.5,21.0,43.5,99.4,2.5,38.7
Indian Institute of Technology Madras (IITM),38.0,58.3,27.6,58.3,2.8,1.4,41.4,76.1,38.6
Vrije Universiteit Brussel (VUB),22.7,16.1,76.2,23.8,92.1,60.5,90.8,52,38.5
American University of Beirut (AUB),27.2,40.7,62.1,20.0,74.9,61.8,73.8,99,38.4
University of Massachusetts Amherst,40.7,16.8,13.7,65.3,65.2,22.6,81.1,50.9,38.3
University of Navarra,29.4,66.4,59.7,15.1,22.4,71.8,74.6,28.8,38.3
University of Virginia,35.2,37.5,60.7,36.5,6.7,10.9,84.9,81.5,38.3
Loughborough University,29.9,65.9,22.2,37.7,84.3,63.7,88.2,25.6,38.1
Mahidol University,40.5,42.7,79.3,5.2,5.7,4.4,59.2,8.3,38.1
Universiti Brunei Darussalam (UBD),19.1,9.8,96.5,8.5,100.0,65.4,36.4,1,38.1
Sciences Po ,18.7,31.9,93.6,3.3,56.8,98.6,26.3,92.6,38.0
Novosibirsk State University,27.3,15.9,94.0,15.7,7.3,58.0,52.3,24.9,37.9
Tel Aviv University,32.7,19.2,4.2,99.7,34.0,5.5,81.9,90.7,37.9
Beijing Normal University ,36.3,6.4,27.7,76.4,7.9,25.3,69.8,17.5,37.8
The University of Arizona,39.6,22.4,67.6,21.5,20.5,13.5,97.0,40.7,37.8
Indian Institute of Technology Kanpur (IITK),32.6,49.3,17.4,79.0,2.3,1.2,25.9,73.8,37.6
Tomsk State University,22.9,11.2,99.6,6.3,25.1,93.1,68.6,4.1,37.6
Deakin University,27.6,30.7,4.7,66.8,97.8,80.5,85.3,28.8,37.5
Moscow Institute of Physics and Technology (MIPT / Moscow Phystech),19.7,22.5,97.9,16.0,32.7,51.0,43.1,45.6,37.3
Rutgers University–New Brunswick,37.6,35.6,51.3,26.3,22.4,36.5,90.8,15.5,37.3
Sun Yat-sen University,34.4,32.5,52.6,46.0,2.9,5.0,75.7,17.7,37.3
Indian Institute of Technology Kharagpur (IIT-KGP),30.2,48.3,13.0,86.4,3.7,1.1,52.4,65.6,37.2
Kyung Hee University,24.9,39.0,85.7,13.3,15.3,52.4,63.1,10.2,37.2
National University of Ireland Galway,26.4,31.6,70.7,13.5,91.3,37.9,75.7,39.3,37.2
Saint Petersburg State University,41.8,28.8,68.5,6.1,5.9,44.2,80.7,78.9,37.2
University of Porto,40.7,23.8,12.8,71.4,7.4,21.3,96.9,55.4,37.1
Technical University of Darmstadt,20.8,38.8,6.1,81.4,63.6,76.5,82.2,37.5,36.9
Victoria University of Wellington,44.8,30.1,10.5,30.9,99.4,50.2,69.7,63.6,36.9
L.N. Gumilyov Eurasian National University (ENU),25.1,37.8,98.8,1.4,48.8,7.0,14.3,11.4,36.8
Maastricht University ,21.8,22.1,14.9,63.1,98.9,100.0,80.8,68.3,36.7
University of Leicester,22.2,14.9,44.6,42.7,82.9,88.7,85.7,15.5,36.6
University of Antwerp,22.7,12.6,55.2,44.8,85.3,34.2,93.4,49.9,36.5
Georgetown University,31.2,44.6,55.4,27.3,10.5,41.7,57.9,96,36.3
Heriot-Watt University,14.9,29.6,21.3,65.8,100.0,94.9,64.3,31.9,36.3
Hong Kong Baptist University,17.0,12.8,50.9,39.6,98.0,100.0,30.4,26.9,36.3
Graz University of Technology,13.5,7.6,99.1,15.7,75.6,61.2,59.7,40.7,36.1
Taylor's University,21.5,80.0,55.1,6.6,42.4,97.5,34.9,28,36.1
UCSI University,20.5,54.9,67.1,2.8,72.5,92.7,21.4,74.3,36.1
University of Canterbury | Te Whare Wānanga o Waitaha,38.9,39.6,11.3,33.2,98.5,52.7,67.6,54,36.2
University of Warsaw ,48.9,63.3,38.4,7.1,8.6,9.3,78.0,59.3,36.1
Belarusian State University,24.2,39.7,96.8,1.3,3.4,48.2,46.2,29.9,36.0
Charles University,45.3,34.9,41.3,10.7,23.9,51.6,96.0,41.5,36.0
Gwangju Institute of Science and Technology (GIST),14.5,6.6,39.2,100.0,22.1,8.8,34.5,13.7,36.0
University of Turku,28.8,32.1,60.3,36.3,27.3,4.9,88.4,28.3,35.8
Massey University,29.3,19.1,37.4,22.6,98.3,99.7,84.1,32.5,35.7
Jagiellonian University,38.0,55.1,62.6,6.6,5.0,11.9,82.8,33,35.6
University of Tasmania,16.5,7.5,14.5,85.4,61.9,99.4,85.5,23.1,35.6
RUDN University,19.7,33.9,92.7,1.8,9.7,93.0,79.1,8.7,35.5
Swinburne University of Technology,13.0,16.4,12.2,87.0,97.8,72.2,76.6,18.1,35.4
United Arab Emirates University,26.3,36.6,59.4,11.5,100.0,38.2,70.8,86.8,35.4
University of Miami,22.7,32.1,70.8,20.8,66.9,25.3,81.7,50.3,35.4
University of Tartu,25.8,10.7,88.9,14.3,40.0,24.2,88.0,79.6,35.4
Griffith University,26.1,16.6,7.6,71.7,99.9,40.5,90.0,27,35.2
Université Paris 1 Panthéon-Sorbonne ,64.0,35.7,4.7,3.4,35.5,49.9,73.4,32.2,35.2
Xi’an Jiaotong University,21.8,50.7,22.2,80.7,6.7,4.3,74.4,29,35.1
University College Cork,29.0,38.1,36.7,25.9,94.6,42.6,76.3,32.8,35.0
University of Macau,9.5,9.8,16.4,84.0,100.0,98.2,49.2,73.8,34.9
University of Surrey,20.4,28.1,21.5,49.6,97.7,89.7,82.1,21,34.7
Huazhong University of Science and Technology,21.3,40.2,10.5,96.0,6.2,4.9,75.0,20.5,34.6
Tianjin University,18.3,4.3,31.2,92.0,16.3,19.6,69.5,30.6,34.4
Dalhousie University,18.5,21.2,14.2,63.8,100.0,80.5,81.7,18.4,34.3
HSE University,26.9,32.6,92.6,1.9,7.8,17.2,70.6,25.5,34.3
National Research Nuclear University MEPhI (Moscow Engineering Physics Institute),9.2,11.3,99.2,11.8,52.9,89.1,42.7,31.7,34.3
Universität Innsbruck,19.8,5.3,65.7,12.8,100.0,99.9,81.0,47.4,34.3
North Carolina State University,29.2,23.0,11.3,68.3,63.7,16.0,79.0,31.3,34.1
Tufts University,18.3,7.2,65.7,48.2,30.1,32.9,77.9,83.1,34.1
University of Tsukuba,33.9,17.5,63.5,19.2,15.0,26.5,61.0,13,34.1
La Trobe University,20.8,20.9,6.4,61.9,94.5,99.4,81.1,11.4,33.9
Université Grenoble Alpes,43.3,12.5,8.3,51.1,25.7,37.8,97.4,13.3,33.8
University of Colorado Boulder,37.0,13.5,41.8,36.8,30.2,5.8,89.6,47.2,33.8
University of Illinois at Chicago (UIC),42.0,31.9,35.6,26.4,10.1,15.4,89.8,41.6,33.8
Linköping University,19.8,25.6,32.5,55.0,74.7,36.2,89.0,22.3,33.7
Universidad Carlos III de Madrid (UC3M),31.0,48.4,57.1,5.3,46.4,29.5,65.0,11.7,33.7
Kazan (Volga region) Federal University,20.8,7.6,91.4,3.2,11.1,93.1,80.7,12.9,33.4
Pontificia Universidad Católica Argentina,20.4,43.3,99.8,1.1,2.3,7.4,8.5,26.1,33.3
University of Milan,49.8,15.0,5.4,48.5,9.0,7.1,88.4,16.5,33.2
Politecnico di Torino,36.6,47.3,2.5,54.0,3.3,41.8,71.3,15.5,33.1
University of Strathclyde,25.9,41.8,18.8,33.4,93.1,65.8,80.0,25.5,33.1
National Taiwan University of Science and Technology (Taiwan Tech),25.6,37.6,52.6,25.1,26.6,39.9,34.4,50.8,33.0
Goethe-University Frankfurt am Main,45.4,28.6,26.4,15.6,37.9,27.5,93.7,7.6,32.9
Simon Fraser University,24.9,21.2,5.4,52.5,93.8,88.3,75.6,24.9,32.9
Aalborg University,19.8,28.1,34.2,47.8,73.2,30.0,90.3,24.3,32.5
University of Waikato,18.4,13.0,12.0,58.2,99.1,88.7,56.8,54.2,32.3
National Taiwan Normal University,32.7,18.6,68.3,6.3,14.8,28.1,25.2,17.2,32.2
Universidade Federal do Rio de Janeiro,58.1,25.3,19.3,8.9,9.2,1.6,77.0,52.2,32.1
National University of Sciences And Technology (NUST) Islamabad,18.2,67.7,77.0,9.6,3.0,5.7,55.5,14.6,32.0
University of Cologne,36.7,31.0,24.8,25.6,44.6,33.0,89.7,27.5,31.9
University of Lisbon ,42.5,20.5,12.3,38.2,10.0,41.9,95.1,55.4,31.9
Ural Federal University - UrFU,21.6,14.0,96.1,2.1,5.5,36.6,77.2,7.2,31.9
Hiroshima University,22.4,13.0,87.2,10.3,20.1,17.0,57.2,4.9,31.8
Indiana University Bloomington,36.6,26.3,28.4,29.4,43.3,11.8,87.1,63.8,31.7
Friedrich-Alexander-Universität Erlangen-Nürnberg,23.3,13.1,2.6,85.8,33.7,28.8,91.5,12,31.6
Universiti Teknologi Brunei,12.0,7.0,95.1,7.6,99.0,8.6,11.7,1,31.6
University of East Anglia (UEA),18.6,10.8,21.5,59.7,77.7,54.7,89.5,12.3,31.5
"Birkbeck, University of London",11.2,3.2,13.1,70.1,97.5,98.1,50.5,8.6,31.4
Universitat Politècnica de Catalunya · BarcelonaTech (UPC),32.5,25.8,45.1,24.7,12.7,21.8,89.2,18.9,31.4
MGIMO University,12.5,24.6,100.0,1.4,15.8,52.4,1.5,93.9,31.3
Ewha Womans University,23.4,22.2,79.4,9.1,8.3,27.3,33.2,15.8,31.2
IE University,6.7,47.6,66.6,2.6,92.9,100.0,6.0,67.9,31.1
University of Jyväskylä,16.9,15.4,83.6,19.3,39.1,3.1,79.0,6.3,31.1
University of Southern Denmark (SDU),19.3,20.6,35.2,44.5,82.4,22.7,82.5,21.1,31.1
Johannes Kepler University Linz,11.4,11.0,79.5,20.0,84.2,22.4,62.7,21.1,31.0
University of Connecticut,15.5,10.7,11.5,82.8,69.0,24.4,86.9,35.5,31.0
Norwegian University of Science And Technology,33.9,27.0,25.5,25.1,76.6,11.4,95.8,47.9,30.9
Universität Jena,18.4,3.3,99.9,9.2,,24.0,87.7,8.1,30.9
 University of Dundee,18.9,15.0,35.5,30.1,99.0,69.8,57.9,11.8,30.8
Beijing Institute of Technology,20.7,15.0,37.7,64.3,3.4,4.7,63.4,14.5,30.7
"City, University of London",20.6,18.7,8.6,44.3,97.3,99.5,67.6,42.3,30.7
Universität Stuttgart,24.1,24.2,5.7,65.8,36.7,47.3,80.9,28.3,30.7
"University of Chemistry and Technology, Prague",6.5,7.9,99.7,13.0,28.3,61.2,35.2,44.1,30.6
ITMO University,11.9,15.5,96.2,7.3,23.1,42.8,61.7,4.2,30.5
University of Victoria (UVic),17.1,9.8,3.6,71.9,91.2,58.2,63.8,10.4,30.5
Universiti Teknologi PETRONAS (UTP),16.4,29.8,31.8,46.0,85.2,18.4,65.5,10.6,30.4
George Washington University,27.2,29.0,31.3,32.6,39.2,32.1,86.1,66.6,30.3
Kobe University,27.3,35.9,64.1,9.3,8.6,9.2,45.1,12.9,30.2
Pontificia Universidad Católica del Perú,43.8,63.2,27.7,1.8,4.3,1.5,34.5,48.9,30.2
Quaid-i-Azam University,15.4,38.4,2.6,95.8,3.8,2.6,59.2,16.6,30.2
University of South Australia,21.7,12.7,20.8,38.2,99.9,65.2,76.0,19.1,30.2
Virginia Polytechnic Institute and State University,28.5,25.6,20.0,38.5,68.4,18.5,84.1,28.5,30.2
Lincoln University ,7.5,5.9,43.7,39.1,100.0,95.5,20.8,93.6,30.1
Airlangga University,30.8,60.9,48.3,1.3,26.0,3.0,14.5,10,29.9
American University of Sharjah,18.7,35.8,26.2,17.3,100.0,100.0,30.2,79.3,29.9
Indian Institute of Technology Roorkee (IITR),16.0,23.9,9.6,94.5,1.1,2.5,35.6,18.4,29.9
Umea University,20.0,11.5,77.1,17.0,25.7,10.6,82.4,6.2,29.9
Universidade Nova de Lisboa,28.7,20.5,25.0,35.0,23.6,60.8,88.4,22.1,29.9
University of Kansas,14.9,16.1,80.5,11.2,68.9,8.2,80.9,23.1,29.9
"University of California, Santa Cruz",18.6,5.0,8.0,81.4,63.5,13.4,60.5,15.4,29.8
University of Kent,18.2,6.4,16.6,50.7,96.7,68.4,69.5,32.7,29.8
University Ulm,7.6,3.2,80.6,34.4,42.7,23.0,60.7,7.5,29.8
Czech Technical University in Prague,19.9,33.2,68.9,4.9,23.7,47.3,75.0,8.7,29.7
Nankai University,21.2,5.0,28.7,70.5,11.0,3.7,39.1,24.2,29.7
Sharif University of Technology,11.6,31.8,7.7,98.3,8.0,1.3,52.3,82,29.6
University of Hawaiʻi at Mānoa,15.6,14.3,45.4,46.1,55.4,14.2,84.8,10.2,29.6
Peter the Great St. Petersburg Polytechnic University,15.0,10.4,81.4,3.7,16.4,89.3,45.4,18.7,29.5
Pontificia Universidad Javeriana,41.0,82.4,20.1,1.8,4.9,1.9,27.6,37.2,29.5
Indian Institute of Technology Guwahati (IITG),15.1,16.9,9.5,96.3,3.4,1.3,36.6,23.5,29.3
Sultan Qaboos University,15.0,16.9,67.3,14.3,100.0,3.7,86.8,63.4,29.3
Taipei Medical University (TMU),9.7,17.0,92.3,17.0,18.1,16.1,24.0,26.5,29.3
Westfälische Wilhelms-Universität Münster ,33.1,22.2,46.3,13.6,29.1,5.3,83.1,19.3,29.3
Lappeenranta-Lahti University of Technology LUT,7.0,18.1,13.5,96.8,35.4,11.3,55.2,11.3,29.2
Northeastern University,20.5,12.5,17.8,37.1,76.0,95.8,75.6,46.2,29.2
Pakistan Institute of Engineering and Applied Sciences (PIEAS),5.2,8.2,86.4,44.1,,,23.4,91.2,29.1
Universidad de Palermo (UP),9.7,9.9,87.8,1.1,29.4,96.7,4.0,11.8,29.1
Chung-Ang University (CAU),16.7,35.3,72.4,8.6,13.9,34.7,33.0,12.8,29.0
Tokyo Medical and Dental University (TMDU),10.6,4.8,100.0,15.8,3.2,16.6,24.7,6.4,29.0
University of Oulu,15.6,22.6,30.0,55.6,56.8,7.5,84.4,24.6,29.0
University of Utah,16.5,7.6,62.5,38.0,18.9,9.2,82.2,15.2,29.0
Indian Institute of Technology Indore (IIT Indore),4.7,4.3,42.1,88.7,2.5,,23.8,37.2,28.7
Shandong University,13.8,32.8,19.2,76.4,9.8,3.8,59.4,17.7,28.7
National Research Tomsk Polytechnic University,9.4,7.8,91.9,5.3,8.9,80.6,78.0,4.5,28.6
Tilburg University,14.8,30.7,10.6,50.1,95.3,52.0,51.9,10.6,28.6
Universitat Politècnica de València,26.0,10.2,60.3,17.6,4.8,20.8,84.6,13.9,28.4
Vilnius University ,20.0,27.5,79.8,3.1,10.4,9.1,74.3,52.4,28.4
Colegio de México,14.9,3.9,100.0,1.5,10.1,19.8,1.7,99.6,28.3
Royal Holloway University of London,16.8,7.5,15.8,42.5,94.3,86.9,64.7,11.5,28.3
University of Pisa,40.6,14.7,7.0,41.7,6.6,4.6,90.8,12.1,28.2
Satbayev University,18.7,28.9,79.7,1.3,22.8,4.1,12.0,13.7,28.1
Sichuan University,18.2,4.0,14.6,83.5,5.9,5.8,69.2,18.6,28.0
South China University of Technology,10.7,3.5,18.6,93.7,10.5,4.6,65.1,28.9,28.0
Colorado State University,19.1,19.2,63.5,20.8,21.2,5.3,77.9,19.8,27.9
Technion - Israel Institute of Technology,25.0,24.3,35.4,23.2,67.0,4.6,54.4,49.1,27.9
HUFS - Hankuk (Korea) University of Foreign Studies ,11.3,26.0,82.3,1.6,34.0,41.3,13.0,7.8,27.8
Julius-Maximilians-Universität Würzburg,16.2,4.2,4.6,85.5,43.8,10.6,77.3,2.9,27.8
Brunel University London,11.1,13.2,9.9,49.4,99.7,98.6,86.7,22.4,27.7
University of Johannesburg,15.2,21.5,40.3,18.3,94.3,58.4,88.1,38.9,27.7
University of the Philippines,32.4,47.6,46.8,1.8,2.1,1.3,41.1,46.4,27.7
Tampere University,23.7,27.7,27.7,37.8,36.3,6.9,84.3,5.8,27.6
Ruhr-Universität Bochum,21.4,8.9,2.2,72.6,29.7,28.5,84.8,12.5,27.5
"Stony Brook University, State University of New York",19.3,9.8,31.7,34.7,47.5,60.2,79.1,24.5,27.5
The American University in Cairo,28.3,20.2,40.8,4.1,96.1,4.3,21.9,92.5,27.5
University of Naples - Federico II,34.2,14.8,4.8,55.4,2.6,1.1,91.3,17,27.5
Johannes Gutenberg Universität Mainz,21.3,15.6,54.4,17.4,39.3,17.9,92.5,11.2,27.4
Universität Leipzig,26.0,6.6,66.6,9.9,,17.1,85.9,13.5,27.4
National Technical University of Athens,18.7,45.7,5.3,67.9,1.4,7.5,68.9,68,27.3
Shanghai University,21.1,8.5,54.2,22.3,44.3,7.0,56.0,13,27.3
Xiamen University,23.9,8.8,21.8,59.3,6.1,3.8,61.6,23.7,27.3
Flinders University,12.1,7.0,6.3,53.5,97.7,93.8,83.7,14.7,27.2
Swansea University,18.5,33.7,25.9,24.4,72.8,52.8,83.2,7.3,27.2
University at Buffalo SUNY,17.7,10.6,7.2,57.9,76.0,42.7,70.9,35.5,27.2
National Sun Yat-sen University,25.3,24.9,36.7,27.3,20.6,10.6,31.2,7.5,27.1
"University of Colorado, Denver ",7.9,8.2,100.0,11.6,4.0,10.0,75.4,4.6,27.1
University of Science and Technology Beijing,13.1,3.4,11.8,93.2,3.7,3.4,56.2,4.6,27.1
University of Witwatersrand,25.1,38.9,12.3,30.5,80.8,9.1,91.4,89.2,27.1
Universidad Austral,17.5,32.7,77.9,1.8,2.7,9.5,3.6,11.5,27.0
Université Laval,20.0,17.8,32.0,27.6,67.4,33.5,84.6,17,26.9
Far Eastern Federal University,8.4,3.4,93.2,1.9,15.4,63.4,40.5,11.6,26.8
Université de Strasbourg,40.7,6.8,5.1,24.9,37.3,37.4,86.6,11.2,26.8
National Taipei University of Technology,15.2,58.2,28.9,32.2,23.2,24.6,24.3,25.1,26.6
Università Vita-Salute San Raffaele,3.0,1.4,99.7,22.7,8.7,4.9,35.7,9.5,26.6
Oxford Brookes University,27.0,41.4,13.0,9.2,67.3,71.9,52.1,32.7,26.5
University of Coimbra,30.1,13.8,14.5,38.6,12.3,33.7,86.3,30.9,26.5
Wake Forest University,5.4,7.3,100.0,12.6,6.0,12.9,50.8,43,26.5
Universidade Federal de São Paulo,11.3,4.8,98.2,6.6,5.6,1.5,45.3,3.1,26.4
Universität des Saarlandes,10.2,7.5,86.8,9.0,5.5,41.0,80.3,23.6,26.4
Amirkabir University of Technology,5.0,23.4,4.9,99.6,15.7,2.4,62.6,39.9,26.3
Auezov South Kazakhstan University (SKU),11.8,13.7,90.5,1.0,15.0,21.3,2.7,10.8,26.3
Beihang University (former BUAA),13.1,4.4,31.0,67.8,8.3,5.5,52.1,13.8,26.3
Illinois Institute of Technology,14.8,8.2,14.7,52.9,23.7,95.0,31.3,22.8,26.3
SOAS University of London ,17.9,10.2,23.8,16.4,100.0,99.7,17.9,68.6,26.3
Washington State University,25.5,24.4,15.3,36.2,57.4,6.4,78.7,13.3,26.3
Bogor Agricultural University,19.6,28.5,60.7,1.7,54.6,3.3,21.6,11.6,26.2
Hasselt University ,4.7,3.8,78.8,16.6,68.6,25.3,74.1,11.7,26.2
Umm Al-Qura University ,16.9,10.5,59.8,1.9,100.0,19.3,35.1,3.9,26.2
Universidad de Montevideo (UM),16.6,19.8,78.9,1.1,26.1,3.6,1.8,87.6,26.2
"University of California, Riverside",17.8,8.5,8.0,61.8,72.0,9.4,76.0,11.6,26.1
Stellenbosch University,24.5,35.7,3.6,51.2,21.5,9.1,86.6,53.8,26.0
University of Tromsø The Arctic University of Norway,12.4,3.9,73.2,9.3,71.2,8.5,77.1,22.9,26.0
York University,22.6,31.3,6.1,28.2,52.0,82.1,60.8,48.7,25.9
Institut National des Sciences Appliquées de Lyon (INSA),7.5,31.7,37.8,32.3,29.0,79.0,81.0,28.2,25.7
Sogang University,18.1,44.5,51.6,6.3,9.8,36.2,13.8,30.3,25.7
University of Trento,24.6,9.4,18.0,46.6,31.8,6.1,85.8,7.2,25.7
University of Florence,32.5,6.3,5.2,47.4,10.3,17.0,90.4,12.4,25.6
James Cook University,13.9,10.2,11.9,63.3,55.7,19.5,79.6,7.6,25.5
Rensselaer Polytechnic Institute,8.4,6.5,21.0,70.5,12.2,48.9,41.0,57.3,25.5
Southeast University,11.1,6.0,29.5,68.7,10.4,3.9,62.1,5.2,25.5
Universidad de Belgrano,9.4,17.4,89.8,1.0,6.4,28.4,,6.5,25.5
"Essex, University of",16.2,8.0,12.3,28.1,99.7,98.3,71.8,12.8,25.4
Universidad de Santiago de Chile (USACH),41.0,58.1,8.3,4.9,7.0,2.4,46.6,4.4,25.4
The National University of Science and Technology MISIS,8.2,9.9,74.2,13.7,12.2,53.4,45.6,7.5,25.3
Universidad de La Habana,20.3,25.5,69.4,1.6,1.9,4.5,25.6,55.6,25.3
University of Alaska Fairbanks,3.1,3.7,99.6,16.2,5.6,3.4,44.5,8.3,25.3
University of Iowa,20.7,13.3,48.2,24.4,15.8,5.9,81.3,30.6,25.3
Dublin City University,19.1,32.4,31.3,16.4,76.4,16.2,73.5,50.3,25.2
Tulane University,9.5,4.2,86.7,11.4,13.7,10.9,74.9,44.1,25.2
University of Cyprus (UCY),9.0,3.1,5.1,71.7,87.6,27.4,84.2,57.4,25.1
University of Saskatchewan,12.0,11.7,21.9,42.5,69.9,52.3,83.5,24.9,25.1
Chang Gung University,4.8,4.9,69.4,40.5,4.3,5.2,26.3,8.6,25.0
University of Turin,37.5,6.5,3.3,39.8,5.2,6.6,86.5,23,25.0
Imam Abdulrahman Bin Faisal University (IAU) (formerly UNIVERSITY OF DAMMAM),5.8,3.7,81.8,2.0,97.6,9.2,49.6,4.5,24.9
Koç University,20.4,36.3,31.2,23.4,30.3,10.6,42.6,24,24.9
Martin-Luther-Universität Halle-Wittenberg,14.6,4.5,83.9,5.7,,10.7,83.6,17.2,24.9
UNESP,37.0,23.5,19.1,16.8,6.1,2.3,74.8,2.8,24.9
Bond University,4.4,6.3,45.8,16.4,98.3,98.9,15.3,31.1,24.8
Dongguk University ,8.5,9.9,85.8,7.6,10.2,21.6,41.8,7.6,24.8
Iowa State University,19.4,13.9,7.9,65.8,6.0,10.3,85.1,31,24.8
Kazakh National Agrarian University KazNAU,14.7,13.8,73.5,1.1,29.2,19.9,5.8,15.8,24.8
Universiti Utara Malaysia (UUM),19.4,23.3,42.6,6.1,20.3,76.0,23.7,6.5,24.8
Auckland University of Technology (AUT),19.1,14.6,9.5,17.9,100.0,99.9,53.9,10.4,24.7
University of Klagenfurt,4.3,2.9,56.6,11.4,95.2,84.8,43.4,49.7,24.7
Ajou University ,13.3,12.1,70.0,13.5,7.4,16.6,26.5,8.1,24.6
Universidad Politécnica de Madrid (UPM),30.8,50.1,17.4,10.8,3.2,27.1,77.8,44.7,24.6
Aix-Marseille University,36.0,3.5,9.1,28.8,20.0,21.8,98.1,9.9,24.5
Ben-Gurion University of The Negev,14.6,11.7,12.8,53.0,66.2,17.3,68.3,12.7,24.5
Chiba University,16.0,6.7,71.8,11.1,8.2,6.1,39.3,3.6,24.5
Justus-Liebig-University Giessen,12.3,8.1,1.8,85.5,10.3,13.9,90.6,8.1,24.5
The Catholic University of Korea ,4.7,2.5,98.5,9.8,2.3,6.6,13.9,4.3,24.4
Universidad ORT Uruguay,11.7,16.3,83.2,1.2,20.5,1.9,2.2,70,24.4
University of Granada,42.1,7.8,6.4,21.7,3.7,17.4,95.6,4.1,24.4
Brandeis University,9.6,3.8,55.7,22.3,19.4,68.5,20.3,55.1,24.3
Jilin University,13.5,44.5,42.0,25.8,13.7,2.4,55.5,20.2,24.3
Central South University,7.3,2.0,5.5,96.3,8.2,3.9,51.0,11.9,24.2
"University of Rome ""Tor Vergata""",31.6,12.6,6.8,34.3,9.4,29.4,75.2,14.6,24.2
 Western Sydney University,16.5,18.1,4.7,33.9,100.0,56.3,84.6,6.4,-
Bar-Ilan University,8.4,6.5,8.2,77.9,49.4,3.2,58.8,20.3,-
Colorado School of Mines,6.9,9.2,24.9,67.7,22.3,11.5,40.7,24.5,-
Kyungpook National University,14.2,19.2,60.8,14.7,8.1,16.5,54.9,14.1,-
Middle East Technical University,26.8,52.7,8.5,25.0,10.7,14.7,58.5,30.1,-
Missouri University of Science and Technology,3.2,4.3,7.2,79.9,86.9,8.2,35.2,4.2,-
Swarthmore College,3.5,1.5,91.8,19.3,2.3,,10.3,99.1,-
Université de Montpellier,19.8,5.9,9.4,55.1,23.6,28.6,99.1,5.4,-
University of Aveiro,13.1,6.3,18.4,68.9,4.8,8.1,92.4,8,-
University of St.Gallen (HSG),8.8,38.6,6.7,29.3,100.0,85.2,8.0,98.5,-
University of Stirling,10.8,12.1,13.5,41.2,70.0,77.8,59.5,23.2,-
University of Tehran,22.6,27.5,4.2,55.8,2.0,2.0,80.2,28.5,-
Yokohama City University,3.5,2.7,99.2,10.3,4.1,2.7,14.9,5.6,-
Abai Kazakh National Pedagogical University,19.4,17.1,60.1,1.1,37.7,3.2,3.2,13.7,-
Florida State University,26.7,37.1,8.2,33.1,15.0,4.2,72.8,22.3,-
"Goldsmiths, University of London",16.2,7.5,18.3,17.4,87.3,96.6,30.6,20.1,-
Universidad de Alcalá,9.2,5.2,70.0,5.0,21.8,70.8,63.1,8,-
Universidad de Costa Rica,31.2,44.7,32.6,1.8,,,33.5,51.7,-
Università Cattolica del Sacro Cuore,22.4,31.6,47.6,6.7,5.9,8.0,62.6,20.1,-
University of Bayreuth,9.9,16.8,42.8,28.9,51.5,23.9,75.4,27.7,-
University of Canberra ,12.9,8.8,3.1,43.6,94.4,70.1,55.5,7.4,-
"University of Missouri, Columbia",15.4,15.2,43.5,20.1,59.2,4.0,71.4,39.4,-
Altai State University,7.7,5.1,81.3,1.4,7.5,58.7,12.4,4.6,-
Beijing University of Chemical Technology,4.6,1.5,20.2,86.9,,,29.7,4.7,-
Christian-Albrechts-University zu Kiel,18.8,10.3,49.4,22.8,,10.3,94.3,7.2,-
Poznan University of Life Sciences,5.4,3.0,99.6,3.5,,1.6,40.6,6.6,-
The New School,15.6,7.4,53.8,2.6,3.9,94.9,10.9,15.3,-
Université de Liège,18.0,25.0,15.9,27.1,47.9,49.5,85.9,15.2,-
University of Bordeaux,30.8,5.5,19.6,20.2,27.3,21.4,95.2,8.7,-
University of Delhi,34.2,31.9,4.5,27.2,1.5,1.9,70.8,92,-
University of Texas Dallas,14.2,17.0,4.0,64.1,14.6,35.9,70.2,4.8,-
Warsaw University of Technology,22.2,58.5,35.1,4.8,2.0,11.5,63.5,17.2,-
Hitotsubashi University,13.9,84.3,30.7,2.4,21.2,21.9,6.4,64.5,-
Inha University,8.7,13.7,73.4,12.0,8.4,15.4,29.4,17.9,-
Iran University of Science and Technology,6.7,15.2,2.7,89.7,,1.5,48.7,25.4,-
Sabanci University,16.2,27.4,37.0,18.1,40.5,17.0,24.3,46.9,-
Saint Joseph University of Beirut (USJ) ,9.1,27.1,52.3,2.8,88.8,19.2,19.5,8.4,-
"Universidad Central ""Marta Abreu"" de Las Villas",6.0,1.4,100.0,1.2,1.1,1.5,13.2,46.8,-
University of Balamand,4.5,11.1,88.3,1.9,15.8,22.8,16.3,11.2,-
University of Limerick,17.1,34.5,12.8,22.3,87.9,23.8,67.9,17.4,-
Canadian University Dubai,10.4,19.8,29.1,2.0,100.0,100.0,6.0,67.6,-
China University of Petroleum,3.5,1.3,7.8,95.7,,5.2,18.7,21.1,-
East China Normal University,13.4,3.4,23.9,44.3,37.9,22.3,68.0,12,-
Savitribai Phule Pune University,7.0,5.4,64.6,29.6,1.1,3.1,31.1,39.7,-
Southern Federal University,7.3,4.1,84.7,1.8,3.9,30.8,39.6,3.2,-
Universidad Nacional de La Plata (UNLP),36.3,19.7,21.6,2.2,4.0,19.6,40.5,4.8,-
Universidad Panamericana (UP),7.6,29.3,78.2,1.2,12.2,1.4,10.8,10.4,-
Universität Konstanz,21.7,3.6,29.9,16.2,69.8,16.2,62.6,21.4,-
Universität Mannheim,15.7,40.3,2.3,44.5,30.8,22.8,29.1,44.5,-
University of Madras,8.0,3.6,,94.2,,,35.6,,-
V. N. Karazin Kharkiv National University,12.0,14.6,62.6,1.5,1.3,68.4,26.1,11.5,-
Anna University,6.8,11.3,5.6,85.2,,1.8,72.5,26.7,-
Cairo University,41.6,27.2,9.4,2.6,2.4,5.5,86.8,36.6,-
Concordia University,14.3,23.2,3.1,24.3,80.8,91.6,74.9,33.5,-
Jeonbuk National University,14.4,10.3,62.4,10.8,8.7,8.3,40.6,6.2,-
Masaryk University,23.7,25.8,11.5,14.9,31.3,66.9,85.0,23.5,-
National Research Saratov State University,4.0,1.8,94.2,1.9,3.6,16.5,18.9,5.3,-
Northwestern Polytechnical University,4.7,1.8,50.1,45.1,13.1,4.4,54.6,4.9,-
Sejong University ,11.8,16.7,17.3,48.2,26.5,26.1,57.7,3.9,-
Universidad de Zaragoza,21.8,4.2,53.9,7.8,4.4,8.1,86.9,10.1,-
University of Eastern Finland,15.1,12.6,40.0,25.2,27.9,6.0,81.7,6.3,-
University of Szeged,17.7,11.1,48.7,4.7,12.9,53.0,76.5,15,-
Almaty Technological University,4.6,3.4,90.5,1.0,21.0,6.1,4.7,19.4,-
Applied Science University - Bahrain,14.2,20.3,34.4,1.5,100.0,40.4,4.3,1.2,-
Aston University,12.0,19.6,12.7,26.2,96.0,48.6,70.7,23.8,-
Bilkent University,20.2,34.1,16.2,16.5,64.2,8.9,31.7,37.3,-
Boston College,21.1,20.4,23.5,24.1,13.3,21.5,40.0,69.9,-
Dalian University of Technology,8.2,2.3,15.7,71.9,12.5,2.8,61.1,13.2,-
Murdoch University,6.7,7.5,5.8,44.6,86.4,77.1,74.5,19,-
Niigata University,4.3,2.8,91.1,5.1,4.8,3.7,26.4,5.6,-
Singapore Management University,11.2,16.9,13.5,24.2,100.0,60.7,14.3,84.8,-
"Sofia University ""St. Kliment Ohridski""",14.4,21.0,64.3,2.0,3.1,9.9,36.8,54,-
Universidad de Sevilla,37.4,8.9,16.8,9.1,3.9,11.0,93.1,4.2,-
Università degli Studi di Pavia,20.5,5.6,7.1,52.5,7.4,13.0,86.5,19.8,-
University of Electronic Science and Technology of China,3.7,2.3,9.4,89.0,3.7,2.9,53.6,7.9,-
University of Ulsan ,5.3,2.6,67.4,27.2,3.1,4.5,33.5,3.9,-
Hallym University ,2.1,1.5,93.8,6.8,4.7,3.4,17.0,4.6,-
Holy Spirit University of Kaslik ,5.2,8.6,57.3,1.8,98.7,37.3,7.1,9,-
Nagasaki University,6.4,2.3,83.8,7.0,7.2,5.1,57.1,5.9,-
Universitat de Valencia,32.0,7.1,12.0,22.7,2.5,17.8,93.4,15.3,-
Université de Fribourg,10.4,5.3,5.7,41.5,100.0,47.5,52.3,29.5,-
Université du Québec,19.5,19.5,1.7,43.8,38.1,14.5,90.2,3.9,-
Indian Institute of Technology Hyderabad,3.5,2.3,20.1,76.8,1.3,1.5,20.4,19.5,-
Macau University of Science and Technology,3.4,3.5,4.7,43.3,100.0,100.0,21.4,80.4,-
National Central University,20.1,25.4,27.2,20.6,15.3,10.2,37.9,16,-
Shenzhen University,7.1,2.2,70.4,17.8,10.7,1.4,65.1,24.9,-
Universität Regensburg,11.1,5.3,70.8,7.8,,10.5,69.1,9.3,-
Université Paul Sabatier Toulouse III,18.9,3.5,43.1,15.9,6.1,25.5,91.2,4.3,-
University of Delaware,10.4,9.6,8.5,58.8,37.2,16.0,61.2,28.8,-
University of Massachusetts Boston,12.8,8.6,11.0,61.0,4.6,12.3,71.2,3.1,-
China Agricultural University ,8.5,1.6,21.7,63.9,3.8,1.7,49.2,3.4,-
Hunan University ,7.0,7.4,12.7,72.2,5.5,2.1,38.6,19.3,-
Lehigh University,5.6,5.0,29.8,40.1,50.2,36.0,54.1,73.1,-
Politecnico di Bari,5.6,4.3,11.8,76.2,5.6,8.8,34.5,12.5,-
Sungshin Women's University,3.4,6.3,92.4,1.2,3.4,4.2,5.3,4.3,-
University of Crete,14.9,13.7,3.7,62.4,1.8,4.3,57.0,12,-
University of Guelph,13.5,31.5,6.0,41.7,46.3,14.7,68.6,15.7,-
University of Jordan,26.9,38.6,17.0,2.9,18.3,28.7,57.8,30.8,-
University of Minho,16.0,8.7,39.0,17.8,19.1,28.1,82.0,8.3,-
University of Pretoria,23.4,47.7,3.4,21.1,31.1,7.4,94.6,56,-
Abo Akademi University,8.4,8.4,28.4,37.5,48.9,9.3,65.7,9.1,-
Al Ain University,13.5,11.5,11.1,2.8,100.0,100.0,16.9,32.8,-
Bangor University,8.6,4.5,19.5,29.4,54.3,59.4,64.5,12.9,-
Carleton University,9.6,18.3,2.8,45.5,36.2,50.8,58.2,47,-
Chiang Mai University,31.9,26.1,16.0,3.8,4.2,4.2,61.1,24.6,-
East China University of Science and Technology,6.5,2.5,15.6,66.0,3.3,2.0,42.8,5.5,-
Edith Cowan University ,8.1,9.8,8.5,28.8,64.4,91.7,64.4,7.9,-
Gifu University,4.7,2.1,76.7,7.2,4.7,3.7,22.5,3.8,-
Immanuel Kant Baltic Federal University,6.6,2.2,71.8,1.7,17.2,29.4,29.1,4,-
Istanbul Technical University,21.9,49.1,15.0,10.9,4.8,18.9,66.7,25,-
Ivane Javakhishvili Tbilisi State University,8.0,3.6,78.1,1.2,2.7,3.0,13.4,60.2,-
Jawaharlal Nehru University,28.2,9.6,16.0,19.7,,2.0,37.6,12.6,-
Kanazawa University,8.1,3.3,66.7,12.6,12.5,7.1,42.3,4.2,-
"Kingston University, London",16.6,12.1,7.4,9.7,73.5,98.7,60.5,18.6,-
Lahore University of Management Sciences (LUMS),14.9,67.6,32.1,5.5,9.0,2.1,18.8,92.7,-
Lebanese American University,9.9,21.7,32.7,3.5,88.2,37.1,12.5,21.2,-
Lebanese University,19.5,47.8,12.7,2.0,44.9,34.3,49.4,12.2,-
Leibniz University Hannover,21.2,36.4,16.7,10.4,31.4,32.8,72.2,3,-
"Lingnan University, Hong Kong",7.3,6.2,18.6,15.6,100.0,86.4,21.8,20.6,-
Management and Science University,10.7,14.7,30.6,1.5,68.6,74.5,5.4,9.7,-
Nanjing University of Science and Technology,4.4,2.1,14.3,75.4,,,35.9,3.2,-
National and Kapodistrian University of Athens,24.9,32.1,2.2,27.6,8.0,15.8,90.6,19.4,-
National Chengchi University,18.4,39.2,24.9,2.7,24.1,37.7,9.9,82.8,-
Okayama University,7.8,3.4,67.5,10.0,6.7,6.4,34.4,8.1,-
Oregon State University,16.2,7.0,24.0,37.2,13.9,13.8,89.4,16.6,-
Osaka City University,9.4,6.8,71.1,7.7,5.5,4.1,21.4,4.2,-
Pontifícia Universidade Católica do Rio de Janeiro,31.6,14.3,8.1,12.6,21.0,1.4,31.2,44.9,-
Pusan National University,20.0,17.7,32.8,13.6,8.2,10.2,41.8,11.3,-
Renmin (People's) University of China,21.7,52.1,18.8,7.6,7.8,6.0,25.9,69.1,-
Samara National Research University (Samara University),4.0,2.3,83.1,2.6,4.1,21.9,18.3,14.8,-
St. Louis University,3.5,3.5,73.5,11.3,11.0,6.5,40.3,13.4,-
Sunway University,8.4,36.8,47.4,5.1,37.2,25.3,30.1,11.3,-
Technische Universität Braunschweig,9.3,16.0,60.5,7.6,,28.5,76.1,9.4,-
The University of Georgia,21.2,27.2,11.7,31.5,7.5,4.6,88.3,22,-
"The University of Tennessee, Knoxville",10.8,23.9,13.2,54.3,5.1,2.5,75.4,10.6,-
Ulster University,8.2,10.4,15.2,12.9,99.7,99.3,72.2,10.4,-
Universidad Anáhuac México,11.8,33.1,55.3,1.1,6.5,3.5,2.4,36.1,-
Universidad de Concepción,26.9,40.5,12.7,7.6,13.1,2.3,66.5,6.8,-
Universidad Pontificia Bolivariana ,9.0,20.8,64.8,1.7,4.9,2.1,11.1,26.8,-
Universidad Pontificia Comillas,8.5,64.9,41.1,2.5,19.9,5.6,8.8,69.2,-
Universität Bremen,19.7,5.6,19.9,24.4,43.9,21.4,91.1,3.1,-
Universität Potsdam,15.3,2.2,14.8,32.8,52.4,23.8,92.5,3.2,-
Universität Rostock,7.1,3.1,72.8,7.1,,16.0,70.6,10.7,-
Université Claude Bernard Lyon 1,17.9,3.6,9.1,46.5,8.8,14.6,93.8,2.6,-
University of Ljubljana,20.0,6.3,43.7,7.2,4.2,10.3,82.5,65.9,-
University of Milano-Bicocca ,19.8,10.2,1.9,52.7,5.7,4.1,77.6,20.6,-
University of Salamanca,26.0,8.8,21.0,7.2,7.0,40.2,68.9,11,-
University of Sharjah,14.9,15.9,7.0,7.7,100.0,100.0,56.1,7.1,-
University of South Florida,12.7,14.2,7.4,41.3,49.1,20.6,83.0,9.1,-
University Paris 2 Panthéon-Assas,6.9,6.2,80.9,1.2,,15.9,1.7,12.2,-
Wayne State University,8.0,5.0,65.2,14.0,13.3,5.2,74.9,17.8,-
Wesleyan University,3.3,2.4,73.0,9.8,12.7,20.4,9.3,98.7,-
Aberystwyth University,9.0,6.9,21.7,25.0,55.3,56.5,66.6,16.5,-
Abu Dhabi University,8.6,10.7,10.8,7.9,100.0,99.7,12.2,20.4,-
Ahlia University,9.5,5.8,32.8,2.2,99.7,45.4,3.6,1,-
Ajman University,10.6,24.6,7.4,1.7,100.0,100.0,16.3,9.8,-
Alfaisal University,2.9,2.2,29.7,9.8,100.0,91.0,25.2,10.4,-
American University in Dubai,8.8,18.8,16.3,2.3,100.0,100.0,5.8,66.8,-
Aristotle University of Thessaloniki,27.4,28.1,3.5,15.9,1.5,6.8,84.5,14.3,-
Ateneo de Manila University,17.6,46.9,28.7,1.7,3.4,2.9,21.9,92.9,-
Central Queensland University (CQUniversity Australia),7.0,10.7,18.8,9.8,94.7,97.8,23.0,3.8,-
China University of Geosciences,4.5,1.3,58.8,20.1,1.7,3.3,52.4,2.4,-
Chongqing University,6.9,3.0,15.6,56.9,9.1,2.2,60.0,10,-
Comenius University in Bratislava,12.6,2.8,53.8,3.4,3.2,29.3,60.6,49.2,-
Coventry University,8.7,20.1,14.9,6.6,77.7,99.8,73.0,13.2,-
Drexel University,8.4,6.8,25.2,36.6,24.8,22.1,71.3,39.5,-
Gunma University,3.0,1.8,77.1,5.3,5.0,4.1,14.7,7.4,-
Indian Institute of Technology (BHU) Varanasi,2.8,3.5,4.0,78.2,1.2,1.1,29.2,8.9,-
International Islamic University Malaysia (IIUM),21.4,16.7,15.5,3.1,25.7,62.6,44.6,26,-
Karaganda State Technical University,6.5,5.0,75.0,1.0,3.5,11.6,1.0,65.6,-
Karl-Franzens-Universitaet Graz,20.9,7.6,13.5,12.0,48.4,30.6,58.5,12.3,-
Konkuk University ,7.3,9.9,56.1,10.3,6.5,12.6,40.9,9.3,-
Kumamoto University,6.9,2.5,62.8,11.3,7.4,4.0,39.0,4,-
National Chung Hsing University,18.6,22.2,27.3,13.0,8.7,8.9,29.6,6.2,-
"National Technical University ""Kharkiv Polytechnic Institute""",5.8,10.2,66.7,1.3,1.7,22.9,13.7,13.5,-
New Jersey Institute of Technology (NJIT),3.5,8.0,16.0,25.3,75.4,78.4,35.5,6.2,-
Northumbria University at Newcastle,9.8,23.1,11.4,14.7,61.4,69.6,79.1,13.8,-
O.P. Jindal Global University,6.2,21.5,63.0,1.3,22.6,1.3,1.4,16.9,-
Palacký University Olomouc,15.6,11.5,32.6,8.8,35.0,19.2,73.6,7.4,-
Plekhanov Russian University of Economics,10.5,13.6,53.9,2.6,11.9,23.1,20.7,35.4,-
Prince Mohammad Bin Fahd university,11.4,14.4,19.4,13.7,100.0,21.8,21.1,14.6,-
S.D. Asfendiyarov Kazakh National Medical University,5.7,6.2,64.5,1.0,11.3,52.9,8.4,13.1,-
Sechenov University,5.0,3.9,62.6,2.4,10.7,59.7,70.8,5.7,-
Soochow University,5.1,2.3,16.8,64.0,7.5,2.9,44.4,8.3,-
Taras Shevchenko National University of Kyiv,18.6,30.5,35.9,2.4,1.6,5.8,29.9,40.9,-
Thammasat University,21.9,37.8,25.3,2.1,12.0,1.8,18.0,81.6,-
Universidad de Antioquia,30.1,44.1,4.6,4.4,4.4,1.3,44.6,19.5,-
Universidad Externado de Colombia ,13.1,52.6,39.3,1.1,9.6,1.7,1.4,18.7,-
Universidad ICESI,4.8,10.9,71.1,1.7,5.4,2.4,8.5,15.6,-
Universidad Nacional del Centro de la Provincia de Buenos Aires (UNICEN),5.4,2.4,81.1,1.4,,,15.0,4,-
Universidad Peruana Cayetano Heredia (UPCH),9.9,10.9,66.4,2.9,1.5,3.2,29.3,20.7,-
Universitat Ramon Llull,10.4,47.1,7.1,8.7,94.4,35.6,34.3,10.6,-
Universiti Teknologi MARA - UiTM,26.8,47.4,14.8,2.7,2.0,1.7,57.4,10.8,-
"University of Alabama, Birmingham",6.9,4.6,42.8,36.1,,,67.7,4.7,-
University of Debrecen,17.8,9.4,27.4,3.8,8.4,78.3,57.4,30.7,-
University of Genoa,16.9,3.7,10.3,41.7,5.1,12.1,83.3,4.9,-
University of Huddersfield,10.7,10.4,6.3,25.0,77.4,70.6,75.2,3.8,-
University of Hull,7.5,4.6,16.6,28.9,58.7,50.3,75.6,16.3,-
University of Manitoba,14.3,19.3,38.9,11.0,,30.0,76.0,27.7,-
University of Nebraska - Lincoln,10.5,5.3,19.4,38.4,46.2,11.6,78.7,17.5,-
University of Plymouth,9.0,12.9,12.0,34.9,48.3,33.9,80.8,6,-
University of Southern Queensland ,7.9,8.4,4.6,43.0,74.1,40.1,81.4,3.8,-
American University,16.3,29.2,32.3,4.8,3.3,17.2,16.2,54.7,-
American University of the Middle East,13.1,17.0,17.2,2.9,100.0,24.2,23.0,96.9,-
Boğaziçi University,21.0,47.1,4.4,14.3,12.3,2.9,39.0,70.6,-
Brno University of Technology,12.3,29.4,20.2,6.3,12.2,68.0,73.9,26.3,-
Charles Darwin University ,5.3,3.4,5.1,31.3,56.4,86.7,43.5,4.1,-
City University of New York,24.4,37.7,10.3,5.7,7.4,5.4,92.1,21.3,-
Eötvös Loránd University,23.9,15.3,17.1,7.1,5.6,15.3,68.2,43,-
Free University of Bozen-Bolzano,4.0,1.6,12.1,39.7,79.8,28.5,53.3,6.6,-
Institut Teknologi Sepuluh Nopember (ITS Surabaya),13.0,30.3,30.7,1.8,60.0,2.9,12.2,19.8,-
Jadavpur University,14.6,4.5,10.9,42.5,,1.1,51.3,22.6,-
Jinan University (China),3.9,2.0,9.3,34.5,49.4,83.9,52.1,2.3,-
Jouf University,5.4,4.8,43.7,1.7,100.0,3.1,25.9,4.8,-
Kagoshima University,5.0,2.4,68.6,4.7,4.5,3.3,30.8,3.4,-
Khoja Akhmet Yassawi International Kazakh-Turkish University,11.7,13.4,49.9,1.2,5.8,21.7,4.1,13.8,-
King Khalid University,10.0,2.7,36.5,1.9,100.0,3.4,42.7,8.5,-
"National Technical University of Ukraine ""Igor Sikorsky Kyiv Polytechnic Institute""",14.7,26.7,43.6,1.5,1.2,2.8,15.2,15.7,-
Pavol Jozef Šafárik University in Košice,3.9,2.6,57.7,4.0,2.2,61.8,34.3,27.8,-
Princess Nourah bint Abdulrahman University,14.4,19.3,18.3,1.5,85.5,37.0,39.8,4.1,-
Ritsumeikan University,13.3,68.6,9.3,3.6,27.0,11.4,28.1,9.1,-
Southern Cross University ,4.1,3.5,3.9,34.8,73.5,88.1,57.3,7.1,-
Stevens Institute of Technology,2.5,3.4,5.9,41.4,42.1,86.3,27.5,17,-
Tallinn University of Technology (TalTech),12.7,10.8,25.1,9.4,35.2,37.3,79.7,84.6,-
Tokushima University,4.5,1.5,67.4,8.3,3.0,2.8,20.6,8.7,-
Tokyo Metropolitan University,11.7,5.1,27.7,26.4,6.4,7.6,37.8,6,-
Tokyo University of Agriculture and Technology ,11.8,5.6,14.1,41.9,5.6,6.4,46.2,5.1,-
Universidad Católica del Uruguay (UCU),11.0,16.1,49.9,1.3,11.8,2.8,6.9,44.5,-
Universidad Central de Venezuela,21.2,46.3,21.4,1.2,,,22.0,15.2,-
Universidad de La Sabana,17.3,51.4,19.9,1.9,8.5,2.4,7.5,7.6,-
Universidad Iberoamericana IBERO,17.5,39.9,29.3,1.3,6.6,2.6,7.1,50,-
Universidad San Francisco de Quito (USFQ),12.5,17.7,32.6,2.2,62.9,2.2,18.5,19.6,-
Universidade Federal de Minas Gerais      ,31.0,8.7,11.8,8.6,9.0,2.1,62.8,37.6,-
Universiti Tenaga Nasional (UNITEN),6.9,14.8,43.7,11.5,8.1,37.9,44.7,14.8,-
University of Bradford,8.1,6.4,7.9,23.8,53.9,84.3,57.9,23.5,-
University of Cincinnati,12.4,11.0,23.3,26.4,6.6,8.3,80.4,26.1,-
University of Haifa,12.9,9.0,27.5,21.2,15.7,4.4,57.0,17,-
University of Kentucky,11.6,14.9,21.2,28.4,16.5,4.4,82.2,15.6,-
University of Mons ,5.8,20.5,3.7,44.3,32.6,38.7,45.3,16.8,-
University of New Brunswick,4.4,12.1,24.9,21.2,64.8,26.9,52.2,16.6,-
University of New Mexico,12.7,7.2,32.7,21.6,10.8,4.4,77.7,7.7,-
University of Oklahoma,9.5,13.2,16.6,37.1,24.4,5.6,71.0,27,-
University of Oregon,17.0,11.9,14.3,30.0,8.0,6.3,55.9,30.2,-
University of Pecs,12.7,8.6,35.6,2.7,9.1,62.5,40.9,16.6,-
University of Portsmouth,7.9,13.3,8.4,17.9,73.7,81.6,79.0,6.5,-
University of South Bohemia,5.2,2.3,71.4,5.0,,,53.2,10.3,-
University of South Carolina,15.4,18.5,11.5,27.4,21.8,4.4,81.0,26.3,-
University of the Basque Country,18.1,5.5,35.7,12.8,2.7,4.4,91.7,9.7,-
University of Trieste,11.8,3.7,4.5,52.3,6.7,9.7,80.2,5.3,-
University of Vermont,3.1,3.4,52.7,20.9,6.1,3.5,48.7,27.7,-
University of Westminster,11.7,8.3,6.3,7.2,78.2,99.9,41.1,29.8,-
Victoria University ,7.3,6.4,2.3,36.3,44.7,77.2,52.8,7.8,-
Vilnius Gediminas Technical University,9.6,20.6,36.3,7.7,13.0,28.9,44.2,23.9,-
Virginia Commonwealth University,6.9,8.9,45.9,15.4,13.7,3.4,78.0,18,-
Zayed University,11.8,13.9,25.6,4.8,100.0,2.1,41.0,14.5,-
Beijing University of Technology,7.2,4.2,41.0,22.1,5.5,3.2,25.6,7.4,-
Belarusian National Technical University (BNTU),10.9,23.6,41.6,1.1,2.4,13.9,4.8,27.2,-
Chonnam National University,9.4,4.8,41.2,14.3,8.9,13.1,32.2,3.5,-
Chungnam National University,9.7,9.4,42.5,9.1,7.8,12.9,33.0,7.5,-
Clark University,2.8,2.1,29.6,22.0,15.9,59.3,25.3,56.5,-
CY Cergy Paris University,3.1,2.3,36.8,10.3,46.3,48.3,43.3,3.5,-
Dankook University ,3.2,3.4,68.6,3.1,4.9,6.4,16.5,3.4,-
Florida International University,14.3,24.2,11.2,16.0,20.9,13.3,90.6,14.5,-
Howard University,5.7,9.9,56.7,4.0,1.0,5.0,22.4,34.3,-
Instituto Politécnico Nacional (IPN),20.0,50.9,9.2,2.8,2.9,1.2,60.9,9.5,-
Instituto Tecnológico Autónomo de México (ITAM),14.2,47.4,11.9,2.0,64.1,1.7,5.1,68.7,-
Instituto Tecnológico de Buenos Aires (ITBA),8.4,24.3,31.9,1.7,43.2,14.8,5.8,36.4,-
Keele University ,6.1,2.9,17.7,24.9,54.7,30.4,59.8,3.3,-
Lanzhou University,7.3,1.7,24.7,35.3,2.7,1.7,59.9,4.3,-
Lobachevsky University,8.1,4.7,52.8,2.3,2.5,21.5,17.8,5.5,-
"Manipal Academy of Higher Education, Manipal, Karnataka, India",7.9,8.9,51.9,3.6,1.8,7.6,46.6,10.7,-
Memorial University of Newfoundland,6.2,7.1,11.9,28.1,27.6,62.1,77.0,7.1,-
Michigan Technological University,4.6,5.6,28.3,35.2,16.4,10.8,45.3,17.5,-
Middlesex University,5.0,5.0,8.0,16.3,85.2,98.9,56.5,9.7,-
Osaka Prefecture University ,4.9,7.3,52.6,9.8,4.9,3.9,20.4,5.9,-
Paris Lodron University of Salzburg,8.8,1.1,7.7,10.6,92.6,93.1,68.3,19.1,-
Philipps-Universität Marburg ,13.8,4.3,6.9,33.7,18.4,25.1,69.2,6.6,-
Pontificia Universidad Católica de Valparaíso,25.2,25.0,5.7,6.6,12.3,1.6,44.7,4,-
Riga Technical University,11.8,22.4,22.6,3.0,15.9,57.5,30.0,61,-
Saint Petersburg Electrotechnical University ETU-LETI,4.1,3.9,53.4,1.8,5.4,51.5,11.0,4.3,-
Shiraz University,7.3,6.0,5.9,53.4,1.1,1.7,48.8,26.1,-
Syracuse University,13.6,15.9,14.6,17.0,5.4,41.4,48.9,51.9,-
Temple University,12.6,9.1,24.7,19.4,4.4,6.1,81.2,22.8,-
Universidad Adolfo Ibáñez,17.0,58.5,4.0,5.2,37.8,4.8,14.1,17.6,-
Universidad Autónoma Chapingo,3.5,2.5,66.4,1.4,3.1,1.4,2.8,7.3,-
Universidad Católica Andres Bello,24.2,49.7,3.3,1.0,1.5,2.5,,28.5,-
Universidad de la República (Udelar),22.8,18.7,22.6,1.7,7.0,2.9,42.1,21.9,-
Universidad de San Andrés - UdeSA,6.0,21.2,51.0,2.0,8.9,5.0,2.1,76.4,-
Universidad del Rosario,13.6,52.0,19.2,2.9,12.3,1.6,22.2,37.8,-
Universidade de Santiago de Compostela,22.0,7.3,13.2,19.5,2.0,5.7,82.0,17.8,-
Universidade Federal do Rio Grande Do Sul ,28.5,3.9,10.0,11.7,2.5,1.8,73.8,10.5,-
Universitas Padjadjaran,14.6,24.3,33.4,1.3,23.0,1.6,13.7,8.5,-
Universitat Rovira i Virgili,6.3,2.1,17.2,43.1,7.9,23.6,82.4,5.3,-
Université Côte d\'Azur,16.0,2.9,5.0,25.9,33.4,42.1,82.7,2.6,-
Université de Lille,25.0,3.7,4.8,10.9,18.3,19.3,92.2,4.6,-
Université de Sherbrooke,6.1,11.2,21.6,21.0,57.4,9.4,44.4,10.5,-
Université de Sousse,2.8,1.0,71.4,1.6,1.1,2.4,21.4,11.7,-
University Duesseldorf,12.9,6.6,37.9,8.5,,17.1,66.8,12.9,-
University of Denver,4.9,8.1,48.2,12.2,2.6,5.9,19.2,37.2,-
University of Houston,14.4,15.8,4.4,35.2,6.3,9.1,77.2,29.9,-
University of Hyderabad,11.4,3.1,17.8,38.7,2.1,2.2,29.7,9.7,-
University of Siena,11.9,2.8,8.3,42.2,2.1,17.7,57.5,4,-
University of Windsor,2.8,6.3,1.7,57.7,,41.0,53.6,20.1,-
Academician Y.A. Buketov Karaganda University,11.5,15.1,29.1,1.2,13.8,4.0,2.1,22.7,-
"Adam Mickiewicz University, Poznań",16.1,6.1,27.2,5.4,7.2,4.9,84.4,7,-
AGH University of Science and Technology,8.8,11.8,33.9,7.4,2.3,2.5,64.7,5.4,-
Ain Shams University ,20.4,18.6,9.5,1.9,26.8,6.3,72.5,31.8,-
Australian Catholic University,7.0,11.4,5.0,15.0,74.1,49.5,43.2,4.3,-
Bangladesh University of Engineering and Technology,14.1,25.2,21.7,9.5,,1.1,11.7,46.8,-
Beijing Foreign Studies University,5.0,2.1,29.5,1.4,22.4,30.3,3.6,9.2,-
Beijing Jiaotong University,10.0,4.2,17.5,26.0,5.7,11.8,47.4,11.6,-
Beijing University of Chinese Medicine,4.4,1.4,38.0,6.8,,10.1,10.7,2.8,-
Beijing University of Posts and Telecommunications,2.9,2.0,10.9,42.6,5.6,1.9,24.2,13.6,-
Beirut Arab University ,9.8,15.9,14.3,2.3,70.1,43.5,17.0,42.6,-
Bournemouth University,5.2,11.1,5.9,21.1,77.8,52.7,65.2,11.4,-
Budapest University of Technology and Economics,14.6,19.8,17.0,8.8,2.5,19.4,78.7,29.4,-
Ca' Foscari University of Venice ,17.8,17.1,4.7,14.5,32.6,7.9,47.0,8.4,-
Catania University,11.4,3.2,4.6,33.3,1.7,1.5,61.4,4.8,-
Chandigarh University,8.6,31.8,18.7,1.3,24.6,11.2,12.2,,-
Chang Jung Christian University,4.6,2.5,41.8,1.7,6.6,5.3,3.3,7.5,-
Charles Sturt University ,4.1,7.5,6.4,9.6,30.1,93.1,64.5,8.1,-
China University of Mining and Technology,3.0,1.7,6.4,50.2,,,35.6,9.2,-
Clarkson University,1.0,3.2,15.9,39.2,49.6,9.2,42.9,19,-
Clemson University,8.1,16.4,12.5,21.0,2.1,5.1,71.3,12,-
College of William and Mary,8.0,12.4,30.0,19.0,6.5,7.6,34.0,65.9,-
Cracow University of Technology (Politechnika Krakowska),11.3,25.2,21.4,4.1,2.3,2.2,36.1,6.3,-
Czech University of Life Sciences in Prague,10.1,6.2,8.8,9.3,28.1,52.4,85.1,10,-
De La Salle University,19.1,34.3,11.5,4.1,2.2,3.0,13.2,76.3,-
De Montfort University,4.7,5.2,5.9,6.8,73.4,95.1,63.4,3.6,-
Diponegoro University,15.0,24.2,13.1,1.4,21.1,2.6,13.9,14.2,-
Donghua University,2.8,1.4,29.0,30.2,2.5,3.8,34.7,2.5,-
Duy Tan University,8.8,24.7,3.9,19.5,37.6,1.2,81.8,23.3,-
Edinburgh Napier University,4.4,4.0,5.0,9.4,62.7,88.6,42.1,9.5,-
Gdańsk University of Technology,8.5,13.1,37.3,11.1,3.3,5.3,61.8,6.6,-
Georgia State University,12.7,19.7,4.8,26.1,8.5,6.3,51.7,16.6,-
German Jordanian University,5.8,9.3,24.6,3.8,56.1,17.6,31.9,54.6,-
Gulf University for Science and Technology,7.7,7.1,8.4,4.1,100.0,24.9,6.1,100,-
Hacettepe University ,18.0,18.8,8.6,5.4,3.1,2.7,72.8,15.2,-
Harbin Engineering University,2.9,1.4,19.1,33.7,3.4,2.8,30.0,6.6,-
Indian Institute of Technology Bhubaneswar,3.5,3.8,16.1,48.6,1.7,1.0,11.6,23.3,-
Indiana University–Purdue University Indianapolis,8.3,7.1,20.0,17.7,30.7,5.4,42.8,3.8,-
Instituto Tecnológico de Santo Domingo (INTEC),3.7,8.7,46.5,1.1,14.7,3.5,7.6,31,-
International Christian University,4.3,12.0,16.6,1.7,76.4,14.8,7.0,33.5,-
Islamic University of Madinah,3.5,3.5,9.5,1.3,80.7,100.0,8.4,4.6,-
Istanbul University,24.6,15.2,3.1,5.4,9.2,17.6,68.3,29.5,-
"ITESO, Universidad Jesuita de Guadalajara",5.7,7.7,44.1,1.0,2.8,1.6,2.1,8.5,-
Jamia Millia Islamia,6.3,3.0,40.2,15.4,3.9,2.4,38.7,7.3,-
Jordan University of Science & Technology,16.6,24.7,15.0,4.4,8.1,20.0,54.1,17.6,-
Kansas State University ,9.8,10.5,13.0,22.6,51.5,7.5,73.0,17.9,-
Kasetsart University,23.2,25.8,6.9,2.6,6.3,1.3,44.4,18,-
Kaunas University of Technology,11.1,20.3,31.2,5.9,3.3,12.7,62.2,20.2,-
Kazakh-British Technical University,11.9,22.4,25.1,1.4,11.5,2.7,7.7,28.8,-
Khon Kaen University,15.7,17.4,9.1,4.0,8.4,2.6,39.6,3.7,-
King Faisal University,13.2,4.8,10.8,2.2,99.1,2.2,35.4,3.9,-
King Mongkut's University of Technology Thonburi ,13.0,10.0,14.2,7.2,8.6,2.7,26.1,4.4,-
Kyrgyz-Turkish Manas University,10.7,7.9,15.6,1.6,89.5,29.2,1.2,1,-
Liverpool John Moores University,9.4,5.1,9.4,15.1,48.4,32.2,80.4,3.2,-
Lodz University of Technology,5.1,4.1,39.6,8.0,3.4,4.1,59.0,6.5,-
London Metropolitan University,5.3,3.3,5.7,4.0,58.1,99.9,14.0,13.6,-
London South Bank University,3.0,3.1,10.0,5.7,68.3,95.9,19.0,8.6,-
Louisiana State University,10.2,11.0,6.8,20.6,11.1,4.7,66.9,18.3,-
Loyola University Chicago,8.0,19.1,22.6,9.8,5.8,4.0,29.5,21,-
Lviv Polytechnic National University,8.0,11.5,47.7,1.7,1.7,1.8,15.8,13.2,-
Manchester Metropolitan University (MMU),10.7,12.4,9.9,9.1,42.1,43.0,73.3,18.2,-
Maynooth University,9.8,10.6,9.0,10.8,87.7,17.6,37.7,8.5,-
Mendel University in Brno,6.4,6.5,42.2,3.6,9.4,39.5,46.0,10.7,-
Nanjing Agricultural University,4.8,1.8,7.9,46.3,,1.6,41.5,2.5,-
Nanjing University of Aeronautics and Astronautics,3.1,2.7,14.3,39.7,6.3,3.6,47.5,2.4,-
National Chung Cheng University,12.5,19.6,21.5,5.7,3.6,5.0,12.3,6.3,-
National Institute of Technology Tiruchirappalli,2.8,3.3,16.4,43.1,,5.4,33.9,9.5,-
Nicolaus Copernicus University ,7.3,3.0,45.1,4.5,3.6,3.9,71.5,5.2,-
NJSC KIMEP University,6.2,12.9,22.8,3.0,80.6,16.8,1.8,79,-
Northern Borders University,7.9,4.3,23.3,1.9,98.2,,11.0,5.3,-
Northwest Agriculture and Forestry University,3.1,1.1,32.3,21.8,,1.5,38.2,2.4,-
Northwest University (China),3.1,1.3,53.8,12.9,4.2,3.1,24.5,4,-
Notre Dame University-Louaize NDU,4.5,12.3,31.8,3.6,77.0,24.1,8.2,11.7,-
Nottingham Trent University,9.7,20.2,9.7,6.5,58.2,50.6,76.8,10.3,-
Novosibirsk State Technical University,6.7,7.0,31.5,1.9,3.1,43.6,11.3,4.2,-
Oklahoma State University ,9.3,10.3,11.7,16.1,55.8,7.2,60.0,17.4,-
Perm State National Research University,4.5,1.6,41.7,1.5,2.0,6.6,4.9,9.4,-
Pondicherry University,3.0,2.1,5.7,42.9,2.9,1.3,17.2,8.4,-
Pontificia Universidad Católica del Ecuador (PUCE),14.9,16.3,10.0,1.3,21.7,1.7,20.2,11.2,-
Pontifícia Universidade Católica de São Paulo,11.4,14.5,31.2,1.2,5.3,1.3,,30.8,-
Poznań University of Technology,6.8,7.0,30.5,6.4,2.3,3.4,54.5,5.1,-
Prince of Songkla University,18.2,12.1,17.3,3.1,4.8,2.1,47.9,6.6,-
Princess Sumaya University for Technology,6.2,12.3,12.3,4.5,55.0,37.8,8.0,89.3,-
Qassim University,4.7,1.9,27.7,1.4,98.2,8.7,33.1,3.8,-
"Queen Margaret University , Edinburgh",3.7,3.7,5.2,15.0,57.2,82.8,6.7,3.2,-
Rhodes University ,6.7,9.8,16.3,21.5,,38.2,37.1,50,-
Riga Stradins University,6.7,10.2,18.4,2.2,15.2,86.5,13.9,25.7,-
Ritsumeikan Asia Pacific University,3.9,10.4,2.5,2.7,99.4,99.9,5.7,8.1,-
Robert Gordon University,3.1,11.9,5.2,5.1,61.8,69.8,22.4,6.3,-
Russian Presidential Academy of National Economy and Public Administration,4.6,6.4,50.3,1.2,2.3,3.3,14.9,9.3,-
Russian-Armenian (Slavonic) State University,5.5,9.2,18.6,1.4,10.0,72.6,6.2,99.6,-
Rutgers University–Newark,11.0,7.2,14.4,15.4,28.6,36.1,27.2,56.8,-
Toronto Metropolitan University,6.6,22.6,1.8,29.0,,4.1,67.8,13.8,-
Saint-Petersburg Mining University,2.8,3.4,46.5,2.0,15.2,19.7,11.2,4.9,-
Shinshu University ,2.8,2.6,35.0,12.5,6.5,3.1,37.6,4.1,-
Shoolini University of Biotechnology and Management Sciences,6.5,19.2,9.3,29.9,13.5,1.9,22.3,16.4,-
Slovak University of Technology in Bratislava,9.0,6.3,37.2,3.9,2.3,3.0,50.6,22,-
Sophia University ,10.8,20.2,20.0,2.4,36.8,14.3,13.7,11.4,-
South Ural State University (National Research University),7.6,4.4,42.1,2.3,10.8,18.1,64.9,4.8,-
Southern Methodist University,4.7,5.4,32.8,9.8,11.4,12.0,37.3,53,-
Sumy State University,4.7,3.8,45.0,2.1,3.2,64.6,17.9,15.4,-
Széchenyi István University,6.8,17.9,29.2,1.5,1.7,6.7,6.0,20.7,-
Szent Istvan University,5.2,4.0,42.8,2.6,1.7,32.2,52.0,18.1,-
Technical University of Kosice,6.3,1.3,28.9,4.8,1.8,50.3,39.0,23.1,-
Technical University of Liberec,4.0,2.8,48.3,4.2,17.8,11.3,25.8,14,-
Technological University Dublin,11.4,14.6,12.0,3.4,33.3,45.8,27.6,13.8,-
Tecnológico de Costa Rica -TEC,7.9,36.7,21.5,1.4,7.9,2.4,7.3,83.7,-
Tokyo University of Science,10.8,46.2,11.2,14.5,12.5,3.8,27.7,60.8,-
TU Dortmund University,13.6,8.4,18.2,8.0,22.5,23.0,68.3,5.1,-
Ufa State Aviation Technical University ,3.2,2.0,63.9,1.5,1.2,2.5,5.3,4.1,-
Universidad Autónoma del Estado de Hidalgo (UAEH),3.8,7.7,52.0,1.4,2.5,1.8,9.6,5.2,-
Universidad Autónoma del Estado de México (UAEMex),21.7,11.2,5.2,1.5,2.0,1.1,20.1,4.1,-
Universidad Autónoma Metropolitana (UAM),23.0,17.8,5.1,2.7,9.2,1.3,31.8,4.5,-
Universidad de Guadalajara (UDG),20.3,11.9,23.3,1.3,2.7,1.1,43.9,4.2,-
Universidad de las Américas Puebla (UDLAP),7.5,18.4,35.4,1.8,25.9,8.4,9.3,10.7,-
Universidad de Los Andes - (ULA) Mérida,14.3,17.7,20.6,1.3,1.4,2.0,13.5,17,-
Universidad de los Andes - Chile,13.9,26.8,9.5,3.4,12.9,2.9,14.6,6.8,-
Universidad de Oriente Santiago de Cuba,11.8,20.8,22.5,1.2,,,7.6,34,-
Universidad del Valle,18.0,16.9,7.7,2.2,3.0,1.2,19.1,12.7,-
Universidad Diego Portales (UDP),14.6,24.4,9.8,5.1,12.0,2.8,29.6,5.2,-
Universidad EAFIT,11.9,49.4,4.4,2.5,4.6,1.5,8.5,22.4,-
Universidad Nacional de Córdoba - UNC,22.5,13.0,9.4,1.7,1.5,1.6,42.3,5.4,-
Universidad Nacional de Rosario (UNR),20.1,9.4,24.6,1.2,,8.0,18.7,4.5,-
Universidad Nacional de San Luis,4.1,2.0,60.4,1.3,,,12.0,3.9,-
Universidad Nacional Mayor de San Marcos,20.3,34.0,6.3,1.3,,,15.6,9.5,-
Universidad Simón Bolívar (USB),15.6,31.3,9.4,2.7,1.7,1.0,18.3,,-
Universidad Tecnológica Nacional (UTN),3.7,27.2,46.8,1.1,,1.7,15.4,4.6,-
Universidad Torcuato Di Tella,11.3,26.7,17.4,4.7,44.2,19.9,3.7,93.2,-
Universidade Católica Portuguesa - UCP,13.0,12.9,13.1,5.8,8.7,16.7,35.1,29.7,-
Universidade de Brasília,25.0,7.6,10.8,4.3,11.1,2.6,62.1,12.8,-
Universidade Federal de Santa Catarina ,19.5,4.9,20.1,6.7,4.2,2.0,54.3,10.1,-
Universidade Federal de São Carlos (UFSCar),13.2,5.3,17.8,15.9,3.0,1.8,32.1,4.2,-
Universidade Federal do Paraná - UFPR,12.9,6.7,23.1,5.0,3.2,1.1,47.7,2.7,-
Universita' degli Studi di Ferrara,5.4,2.6,2.5,42.5,3.6,4.6,83.7,3.5,-
Università degli Studi di Perugia,8.2,2.1,3.9,44.5,7.7,6.6,75.2,7.1,-
Università degli studi Roma Tre,16.8,6.1,2.3,16.1,10.1,5.1,57.2,6.8,-
Universita' Politecnica delle Marche,5.3,2.5,10.4,50.8,4.8,4.7,80.7,4.2,-
Universitas Brawijaya ,15.0,24.5,9.9,1.3,5.8,1.6,8.5,6.3,-
Universität Duisburg-Essen,10.9,5.3,10.0,13.0,38.2,44.7,82.9,7.5,-
Université de Lorraine,12.7,4.3,6.6,10.7,27.5,33.6,91.7,4.6,-
Université de Nantes,10.3,2.9,7.8,18.0,18.6,15.4,87.9,4.2,-
Université de Rennes 1,15.8,3.4,13.4,20.9,13.9,13.4,88.5,5.2,-
Universiti Malaysia Pahang,9.2,8.4,15.5,23.9,29.7,10.7,58.2,9.2,-
Universiti Malaysia Perlis,6.3,4.7,31.9,6.6,2.3,5.1,36.6,6.5,-
Universiti Pendidikan Sultan Idris (UPSI),10.9,6.5,23.3,2.3,22.6,17.9,11.9,8.3,-
Universiti Tunku Abdul Rahman (UTAR),11.4,32.1,10.4,4.6,9.8,3.4,26.0,6.8,-
University at Albany SUNY,8.3,7.9,6.0,43.3,6.0,8.0,70.2,12.3,-
University of Alicante,12.7,6.5,22.5,8.4,5.3,15.4,82.6,8.8,-
University of Baghdad,9.1,9.5,40.1,1.4,1.8,1.1,30.9,38.7,-
University of Bahrain,10.5,8.6,8.0,2.0,90.4,21.7,24.2,1,-
University of Bari,11.9,3.1,4.4,23.6,5.8,2.1,82.0,3.3,-
University of Brescia,3.6,2.0,6.5,46.0,5.1,7.2,58.5,6.1,-
University of Brighton,8.3,5.7,10.8,12.3,57.6,56.5,67.2,8.9,-
University of Calcutta,14.4,5.9,5.8,20.4,21.6,1.3,38.5,54.1,-
University of Central Florida,14.2,25.7,2.9,26.0,14.7,4.8,77.4,11.8,-
University of Central Lancashire,5.0,4.6,13.0,5.9,36.0,72.6,60.9,3.6,-
University of Dhaka,19.4,34.2,12.9,2.4,1.8,1.1,27.6,56.3,-
University of Dubai,3.8,5.0,11.3,8.5,100.0,78.8,8.1,82.1,-
University of East London,3.5,3.3,4.4,8.0,75.2,99.6,22.6,8.5,-
University of Engineering & Technology (UET) Lahore,7.6,42.9,15.4,4.7,1.1,4.3,38.2,34.8,-
UNIVERSITY OF GDANSK,11.3,4.1,29.9,3.9,5.0,2.8,71.8,5.5,-
University of Greenwich,4.0,5.9,5.7,9.7,90.5,99.6,75.0,8.8,-
University of Hartford,4.7,14.6,31.8,2.2,22.7,7.6,7.7,16.6,-
University of Hertfordshire,4.1,4.7,8.1,6.3,57.9,97.2,51.4,9.5,-
University of Hohenheim,9.0,4.3,8.4,30.4,28.4,25.4,79.8,5.2,-
University of Hradec Kralove,4.6,1.2,35.2,3.8,29.6,3.1,26.1,19.9,-
University of Idaho,3.3,2.1,15.5,38.0,4.5,5.0,46.7,7.6,-
University of Kwazulu-Natal,12.5,11.0,6.3,19.8,29.7,2.2,84.4,43.9,-
University of Lincoln,5.6,7.2,11.6,9.0,67.7,21.5,40.4,2.8,-
University of Lodz,11.2,4.0,37.1,3.2,3.1,10.4,59.8,14.5,-
University of Louisville,3.1,6.8,20.5,20.5,52.1,3.0,53.7,14.4,-
University of Malta,4.7,3.2,40.8,6.8,16.5,12.5,63.9,91.9,-
University of Maribor,6.6,3.7,34.2,7.8,2.1,14.7,57.7,83.5,-
"University of Maryland, Baltimore County",10.7,6.7,15.1,20.2,49.0,10.8,42.0,13.6,-
University of Messina (UniME),7.2,1.9,12.0,32.1,1.5,3.2,74.1,3.8,-
University of Mississippi,3.7,4.8,42.7,8.8,10.0,3.1,57.0,6,-
University of Modena and Reggio Emilia,8.3,3.3,2.3,47.8,4.4,4.2,67.6,12.4,-
University of Murcia,12.2,2.1,31.3,6.1,6.4,8.4,76.2,4.4,-
University of New England Australia,10.1,6.5,1.7,35.7,3.2,4.4,56.5,6.8,-
University of New Hampshire,5.5,6.0,10.8,28.5,6.1,4.3,58.3,12.3,-
University of Parma,9.3,2.8,2.8,33.8,2.2,7.1,72.7,9.1,-
University of Patras,11.7,21.1,2.6,22.8,1.6,5.4,74.8,9.4,-
University of Peshawar,5.4,6.8,38.6,15.6,,2.2,42.7,22.5,-
University of Salford,6.6,4.6,8.1,8.4,35.4,59.7,62.4,7.4,-
University of Santo Tomas,10.8,23.9,15.4,1.2,40.3,8.5,12.1,20.7,-
University of Seoul ,10.1,8.9,34.0,8.3,3.8,6.3,24.0,4.4,-
University of the Punjab,13.5,50.1,5.4,8.1,3.3,1.3,43.7,26.8,-
University of the West of England,9.2,9.9,10.8,10.7,44.4,66.2,64.8,3.5,-
University of Tulsa,2.2,3.3,34.7,15.7,5.1,16.5,13.7,40.6,-
University of Tyumen,3.3,2.2,47.2,1.5,5.3,16.8,24.6,6.2,-
University of Wroclaw,15.0,13.7,25.6,4.7,5.1,7.9,51.2,16.4,-
University of Wyoming,2.2,1.8,24.0,24.5,8.5,4.5,55.1,10.5,-
University of Zagreb,15.8,5.5,28.1,4.3,2.0,1.6,92.6,50.7,-
University of Žilina,4.5,1.0,52.7,5.6,2.8,3.0,20.8,29.4,-
Verona University,8.4,5.0,6.1,37.7,5.2,4.6,54.2,5.3,-
Viet Nam National University Ho Chi Minh City (VNU-HCM),20.5,18.5,9.3,1.8,5.3,1.3,43.9,33.6,-
"Vietnam National University, Hanoi ",16.6,14.7,12.1,2.3,4.6,1.3,56.3,22.9,-
Vytautas Magnus University,11.6,17.9,14.3,3.5,31.0,35.4,29.6,22.4,-
Worcester Polytechnic Institute,3.5,6.6,19.2,26.4,28.9,26.7,36.3,27.3,-
Wroclaw University of Science and Technology (WRUST),11.4,20.4,30.5,5.3,3.0,4.7,66.6,4.6,-
Wuhan University of Technology,5.4,2.1,13.3,33.3,,2.9,57.9,5.3,-
Yamaguchi University ,3.5,1.6,46.4,5.3,8.4,3.4,25.8,4.2,-
Yerevan State University,6.2,3.9,41.0,1.7,4.6,3.6,20.6,80,-
Yeungnam University ,4.4,3.5,15.6,22.0,32.8,6.5,28.7,3.5,-
Yokohama National University,10.3,17.1,17.8,9.9,9.8,11.0,36.8,16.6,-
Zhengzhou University,4.9,17.3,5.2,46.6,,2.7,30.6,4.5,-
Al Quds University The Arab University in Jerusalem,3.2,6.3,14.7,1.6,48.3,6.6,21.3,46.8,-
Alexandria University ,19.6,10.4,6.2,1.9,2.4,3.4,62.2,4.7,-
Aligarh Muslim University,8.3,3.5,24.5,9.0,1.2,2.0,38.6,5.6,-
Amity University,6.6,6.4,13.5,4.4,3.5,19.7,58.0,9.4,-
Amrita Vishwa Vidyapeetham,3.3,4.1,27.4,4.7,38.7,1.8,26.1,5.5,-
Ankara Üniversitesi,16.6,10.8,10.3,2.7,2.8,6.1,59.3,21,-
An-Najah National University,4.8,18.0,7.5,2.2,34.7,18.4,26.7,38.1,-
Asia University Taiwan,5.4,1.9,3.8,25.2,10.5,3.9,35.6,6.7,-
Assiut University ,9.5,5.4,16.3,2.3,18.8,2.7,69.3,5.1,-
Athens University of Economics and Business,6.7,38.0,1.5,19.0,1.8,4.6,9.4,13.9,-
Auburn University,6.6,9.1,7.0,22.1,6.8,8.6,58.0,19.9,-
Azerbaijan State University of Economics,7.7,5.2,19.8,1.1,4.5,2.4,3.1,28.5,-
Babes-Bolyai University,15.6,11.8,4.4,4.5,12.5,4.3,81.8,28.9,-
Baku State University,7.4,1.9,29.5,1.3,2.2,1.9,9.0,25.3,-
Banaras Hindu University,10.3,5.5,14.8,8.6,1.3,1.9,49.1,12.6,-
Baylor University,5.6,9.1,14.9,9.4,2.2,4.7,37.1,21.8,-
Belarusian State University of Informatics and Radioelectronics,6.6,19.4,13.0,1.3,1.2,5.7,6.0,38.7,-
Benemérita Universidad Autónoma de Puebla,14.9,7.4,4.3,1.9,3.9,1.3,26.3,3.8,-
Bielefeld University,13.7,3.1,9.2,8.7,22.8,8.6,63.9,4,-
Bina Nusantara University (BINUS),9.2,11.8,22.2,1.7,17.5,4.3,8.7,29.9,-
Binghamton University SUNY,6.3,8.0,5.9,20.6,9.5,10.6,23.1,10.1,-
"Birla Institute of Technology and Science, Pilani",7.4,16.6,6.8,17.5,1.4,2.5,42.1,57.1,-
Birmingham City University ,5.0,4.3,8.4,3.0,42.2,80.4,28.9,7.9,-
BRAC University,9.1,20.3,16.9,1.7,2.8,2.0,13.1,24.5,-
Brigham Young University,6.8,7.8,4.5,15.6,1.1,3.5,62.5,37.4,-
Brock University,3.2,11.3,2.6,19.3,2.4,20.6,32.9,7.2,-
Canterbury Christ Church University,5.9,1.7,7.8,4.3,34.5,38.9,12.2,4.2,-
CEU Universities,3.4,6.3,20.9,2.3,3.4,48.3,,,-
Chungbuk National University,3.7,2.8,30.5,8.0,7.8,5.8,29.6,3.7,-
COMSATS University Islamabad,9.4,23.6,13.7,9.0,1.7,1.8,80.4,10.6,-
Corvinus University of Budapest,11.0,17.2,4.7,3.3,8.7,40.0,16.4,16.9,-
CUNY The City College of New York,4.5,1.7,12.0,18.6,7.6,7.0,38.4,3.2,-
Doshisha University,8.0,15.7,5.8,2.1,20.8,4.3,12.3,14.8,-
Escuela Politécnica Nacional,5.9,9.8,20.6,3.5,8.2,1.8,21.3,19.4,-
Escuela Superior Politécnica del Litoral (ESPOL),11.2,15.3,17.6,2.5,14.6,1.6,26.6,16,-
Financial University under the Government of the Russian Federation,4.6,6.8,34.3,1.5,2.4,7.6,10.2,35.6,-
Fordham University ,6.1,9.7,17.1,6.6,8.5,15.6,34.8,42.9,-
Future University in Egypt,3.0,23.5,29.3,1.7,3.3,16.3,6.6,9.9,-
Gazi Üniversitesi,13.7,10.1,5.1,4.7,1.1,1.9,46.5,14.2,-
George Mason University,8.8,7.1,11.9,12.7,9.4,10.0,58.6,18.7,-
Glasgow Caledonian University,4.4,5.0,4.8,7.1,33.0,40.0,36.8,5.4,-
Harper Adams University,4.1,19.8,5.9,11.8,28.8,17.6,11.4,4,-
Huazhong Agricultural University,3.1,1.7,6.9,36.2,4.5,1.8,33.1,5.5,-
Imam Mohammad Ibn Saud Islamic University – IMSIU,7.0,2.5,13.4,1.5,47.3,5.4,31.8,3.7,-
Istanbul Aydin University  ,3.1,2.9,13.3,1.4,10.5,53.0,4.3,9.8,-
Ivan Franko National University of Lviv,2.3,5.8,35.7,1.5,1.4,2.1,20.4,11.5,-
Jeju National University ,3.2,1.9,26.0,5.1,2.7,6.2,19.2,4.2,-
Jiangnan University,3.3,5.9,14.1,14.4,,,44.9,3.2,-
Kangwon National University ,4.0,5.0,18.1,10.9,4.4,2.9,27.9,3.5,-
Kazakh Ablai Khan University of International Relations and World Languages,5.5,6.6,30.8,1.0,7.1,4.3,,19.2,-
Kazan National Research Technological University,3.3,3.5,27.5,1.5,2.0,37.5,5.1,3.8,-
Kent State University,6.0,5.0,6.5,18.7,21.4,5.4,52.3,10.3,-
Kharkiv National University of Radio Electronics ,2.8,11.2,33.1,1.6,1.5,16.4,11.1,21.2,-
Kookmin University ,3.5,3.7,27.0,3.7,6.5,26.4,8.5,3.6,-
Kuwait University,13.3,7.7,5.7,2.9,25.8,24.1,52.0,62.7,-
Kyoto Institute of Technology,6.0,4.2,19.8,13.5,9.6,4.4,12.3,6.4,-
Kyushu Institute of Technology ,4.2,4.6,12.1,23.7,10.4,5.7,20.7,5.4,-
Leeds Beckett University,4.0,12.4,5.6,6.9,29.1,20.8,19.4,4.5,-
Marquette University,3.0,4.4,25.5,8.9,5.5,2.9,21.2,22.5,-
Mendeleev University of Chemical Technology,3.7,3.6,37.5,2.5,1.1,6.4,9.7,16.3,-
Mississippi State University,5.5,8.6,8.1,17.1,10.4,3.3,53.2,9.9,-
Multimedia University (MMU),7.1,17.4,15.4,5.7,15.6,20.5,26.8,23.1,-
Mustansiriyah University,3.2,4.5,36.3,1.2,23.6,5.2,13.0,42.4,-
Mutah University,5.8,5.1,9.4,1.6,10.7,51.9,7.5,20.3,-
Mykolas Romeris University,5.1,9.4,13.6,4.9,8.6,18.1,9.0,93,-
Nagoya Institute of Technology (NIT),5.3,2.5,6.5,18.0,6.1,5.0,21.7,13.3,-
Nanjing Normal University,3.5,1.6,18.1,16.5,,5.1,57.5,5.5,-
National Taiwan Ocean University,5.0,2.7,13.4,10.0,4.7,9.2,21.5,6.5,-
National University of Kyiv-Mohyla Academy (NaUKMA),4.9,11.1,36.5,1.1,2.4,1.5,4.7,30.5,-
North South University,10.4,37.2,5.2,1.9,14.2,2.6,11.2,26.8,-
North-West University,7.0,8.5,6.5,12.6,5.0,2.8,89.3,16.3,-
Ocean University of China,4.1,1.6,10.8,32.5,3.7,2.1,46.9,5.6,-
Odessa I.I. Mechnikov National University,4.0,2.0,39.9,1.4,1.8,3.0,8.9,25.5,-
Ohio University,8.5,12.1,6.0,15.6,6.1,4.3,44.8,23.6,-
Paul Valéry University Montpellier,12.1,2.0,3.2,3.3,6.0,37.2,48.9,2.8,-
Rochester Institute of Technology (RIT),4.6,6.9,22.8,8.3,5.7,18.2,46.3,26.8,-
Saitama University,3.6,2.1,15.3,20.6,11.3,6.9,28.7,9.4,-
San Diego State University,4.4,3.9,3.2,20.9,5.5,5.5,72.7,28.7,-
Sathyabama Institute of Science and Technology (deemed to be university),4.0,11.3,27.8,4.1,8.3,5.4,18.7,8,-
Seattle University,4.6,3.9,33.5,3.3,1.5,12.6,6.9,13.5,-
Seoul National University of Science and Technology,5.7,3.5,9.5,9.9,11.0,14.0,11.6,6.3,-
Shahid Beheshti University (SBU),8.5,7.3,4.4,25.8,1.7,1.8,53.5,23.2,-
Shanghai International Studies University,4.3,2.3,19.2,1.5,30.0,31.9,3.3,3.8,-
Sheffield Hallam University,6.1,14.2,9.9,5.4,30.6,20.9,52.7,5.4,-
"Siberian Federal University, SibFU",7.0,3.9,12.9,3.1,47.6,23.2,30.6,4.3,-
Siksha 'O' Anusandhan (Deemed to be University),2.7,2.5,41.2,4.2,1.7,2.1,6.2,7.9,-
Silesian University of Technology,5.0,3.9,28.4,6.1,2.0,2.5,34.5,21.8,-
Sookmyung Women's University ,3.6,5.2,21.1,5.0,6.4,1.9,3.7,5.9,-
Taibah University,4.1,1.7,4.6,2.8,99.1,2.5,41.5,3.7,-
Tallinn University ,8.5,5.3,6.5,8.9,47.6,16.9,30.8,96.3,-
Technical University of Lublin,4.2,1.4,25.8,3.3,,12.5,15.9,6.4,-
Telkom University,5.7,7.6,25.2,1.4,15.4,2.4,4.8,29.6,-
Texas Tech University,10.1,14.2,6.3,14.7,15.2,6.0,71.2,18,-
Thapar Institute of Engineering & Technology,2.2,3.2,7.5,39.2,5.2,1.7,33.4,14.3,-
The Herzen State Pedagogical University of Russia,3.5,1.9,27.0,1.2,1.6,41.4,10.6,3.7,-
The Josip Juraj Strossmayer University of Osijek,3.3,,32.5,2.8,,,44.1,71.4,-
"The National Research University ""Belgorod State University""",3.0,1.3,23.5,2.1,2.6,49.4,9.1,4.3,-
The University of Alabama,8.7,26.6,5.7,13.8,5.8,3.3,44.8,15.4,-
The University of Lahore,8.2,16.0,14.4,2.0,2.9,2.2,25.9,12.6,-
The University of Northampton,3.0,2.8,7.1,3.3,40.0,93.6,8.8,2.4,-
Tokai University,10.1,6.9,15.7,3.3,6.7,3.5,27.6,4.5,-
Tomas Bata University in Zlin,3.7,10.5,12.4,6.5,21.1,18.1,25.5,13.3,-
Ton Duc Thang University,5.5,8.5,6.4,16.0,34.7,1.8,91.3,22.7,-
Universidad Andrés Bello,9.8,15.4,6.0,2.9,8.0,2.2,45.7,4.3,-
Universidad Austral de Chile,15.5,11.6,3.8,6.7,17.5,2.1,55.0,4,-
Universidad Autónoma de Aguascalientes,3.2,1.8,36.7,1.4,,,19.7,4.9,-
Universidad Autónoma de Nuevo León,15.2,15.9,2.5,1.8,3.3,1.2,38.0,18.1,-
Universidad de Castilla-La Mancha,8.4,2.0,16.9,9.6,2.2,5.1,59.3,4.7,-
Universidad de Córdoba - Colombia,16.7,4.0,2.9,1.5,,,5.1,8.7,-
Universidad de Lima,9.9,33.0,4.2,1.1,4.6,2.1,2.1,12.5,-
Universidad de Monterrey (UDEM),11.5,12.0,12.6,1.5,12.4,1.9,4.9,16.6,-
Universidad de Oviedo,11.3,2.5,11.9,14.0,,,67.9,4.6,-
Universidad de Talca,10.2,9.6,6.7,5.3,24.2,1.5,32.5,4.9,-
Universidad de Valladolid,9.8,3.4,26.1,5.9,1.4,4.2,,,-
Universidad de Valparaíso (UV),10.0,8.9,8.8,3.6,7.4,1.6,28.3,8.3,-
Universidad del Norte ,9.3,28.3,12.9,2.5,10.8,1.3,18.2,4.3,-
Universidad del Pacífico,7.1,35.9,4.2,2.7,14.3,1.3,4.0,23.5,-
Universidad Industrial de Santander - UIS,10.2,26.1,5.4,2.4,5.8,1.3,21.0,15.3,-
Universidad Latinoamericana de Ciencia y Tecnología Costa Rica (ULACIT),7.1,22.4,15.6,,10.1,8.4,,99.5,-
Universidad Nacional Agraria la Molina,6.1,9.9,18.7,1.5,5.5,2.4,11.3,16.2,-
Universidad Nacional de Cuyo,12.2,6.8,19.6,1.7,2.0,16.8,37.9,3.4,-
Universidad Nacional de la Asunción,5.7,10.3,26.0,1.1,6.7,2.0,21.0,29.5,-
Universidad Nacional de Río Cuarto - UNRC,4.6,1.4,37.4,1.5,,,9.6,3.9,-
"Universidad Nacional, Costa Rica",9.3,21.0,15.1,1.5,11.5,2.8,19.2,62,-
Universidad Peruana de Ciencias Aplicadas,9.2,29.3,4.0,1.1,14.4,2.1,5.3,17.1,-
Universidad Rey Juan Carlos,7.2,9.3,6.0,4.5,16.0,17.5,51.7,5.4,-
Universidad Técnica Federico Santa María (USM),10.4,38.0,4.7,5.6,11.3,2.2,47.7,8.1,-
Universidad Tecnológica de Panamá (UTP),8.8,20.1,22.3,1.0,2.9,4.7,4.4,1,-
Universidade da Coruña ,5.0,5.8,26.0,7.7,2.0,4.8,52.6,5,-
Universidade de Vigo,7.8,4.5,10.0,15.6,2.6,4.3,77.3,5.4,-
Universidade do Estado do Rio de Janeiro (UERJ),8.7,4.6,16.6,3.2,4.2,1.2,30.9,11.5,-
Universidade Federal de Juiz de Fora- (UFJF),3.4,2.3,34.2,3.2,,,25.1,4.2,-
Universidade Federal de Pelotas ,4.5,1.3,29.5,5.5,,1.4,23.3,6.3,-
Universidade Federal de Pernambuco (UFPE) ,12.3,2.8,21.7,3.8,1.8,1.3,42.5,6.8,-
Università degli Studi della Tuscia (University of Tuscia),3.0,1.1,6.6,31.2,11.4,5.1,42.2,5.1,-
Università degli Studi di Udine,6.5,3.2,9.7,22.4,5.5,4.3,50.0,4,-
Universitas Hasanuddin,10.3,7.0,12.5,1.4,5.6,2.5,14.8,6.9,-
Universitas Sebelas Maret,8.8,7.2,12.4,1.5,11.6,1.9,5.4,5.6,-
Universität Siegen,4.1,2.1,11.2,5.5,40.2,20.7,40.2,9.7,-
Université de Poitiers,8.0,2.5,5.3,7.4,,31.3,67.8,7.8,-
Université de Toulouse II-Le Mirail,10.1,2.2,1.3,4.4,30.3,23.5,45.1,5,-
Université Lumière Lyon 2,11.2,2.0,7.4,5.5,29.7,32.7,60.1,5.2,-
Université Toulouse 1 Capitole,13.2,3.3,1.6,2.5,31.3,54.9,10.0,5.4,-
Universiti Kuala Lumpur (UniKL),6.3,5.4,31.6,2.0,7.7,3.7,15.9,7,-
Universiti Malaysia Sabah (UMS),13.1,9.2,7.5,3.6,12.9,9.1,25.9,6.8,-
Universiti Malaysia Sarawak (UNIMAS),11.4,7.8,10.8,3.2,35.7,7.5,15.3,5.9,-
Universiti Malaysia Terengganu (UMT),9.1,4.1,13.6,7.2,13.4,6.7,41.5,7,-
Universiti Tun Hussein Onn University of Malaysia (UTHM),7.8,5.7,9.0,6.6,8.5,6.8,35.8,6.6,-
"University of Agriculture, Faisalabad ",5.1,10.2,1.8,34.1,4.1,1.2,45.0,10.9,-
University of Arkansas Fayetteville ,6.9,6.0,6.9,12.7,6.3,4.6,61.8,9.7,-
University of Belgrade,17.2,6.9,4.2,5.8,3.3,4.9,94.5,64.3,-
University of Bialystok,5.1,3.2,30.3,2.5,,5.8,33.1,6,-
University of Bucharest,14.6,11.4,7.7,4.1,2.8,2.4,66.3,37.8,-
University of Calabria,4.8,1.8,3.5,25.0,8.0,4.2,85.1,3.5,-
University of Derby,3.8,4.6,11.3,4.2,27.9,42.4,39.3,5.3,-
University of Hawaii at Hilo,3.1,2.6,19.3,10.5,4.1,3.1,13.8,18.3,-
University of Kufa,3.6,8.4,33.0,1.3,5.3,1.1,11.8,45.5,-
University of Latvia,12.5,14.5,4.8,8.2,16.3,7.5,63.7,90.4,-
University of Miskolc ,5.8,5.3,22.1,2.2,4.8,6.0,22.1,20.7,-
University of Missouri Saint Louis,3.8,6.4,15.1,18.7,5.3,4.3,13.9,21.1,-
"University of Missouri, Kansas City",4.5,5.4,18.7,14.4,3.9,8.0,24.7,11.6,-
University of Montana Missoula ,2.2,2.4,14.8,27.0,1.5,1.9,34.7,10.3,-
University of Mumbai,8.2,18.1,2.1,20.9,1.8,1.9,18.2,97.6,-
University of Nairobi,9.4,14.9,16.7,1.9,,,31.4,80.5,-
University of Naples Parthenope,3.1,1.7,3.8,42.7,2.1,2.1,29.3,4.6,-
University of North Texas,6.9,7.9,3.6,20.8,5.1,9.0,46.2,38.6,-
University of Ostrava,5.0,1.0,21.6,4.4,20.2,13.7,36.7,15.8,-
University of Palermo,9.8,2.3,5.7,27.0,2.6,2.0,73.7,7,-
University of Pannonia,4.3,3.1,25.6,9.8,,10.2,63.0,34.7,-
University of Pardubice,4.4,1.7,35.4,4.3,10.7,7.9,23.3,12.7,-
University of Peradeniya ,7.2,5.6,19.7,2.0,1.0,1.4,20.5,69.8,-
University of Primorska,2.8,1.8,10.9,9.5,28.0,28.8,40.2,98.8,-
University of Regina,3.0,4.2,4.1,20.4,6.9,43.7,40.2,4.9,-
University of Rhode Island ,4.8,3.2,8.0,16.2,6.9,3.0,49.1,11.5,-
University of Rijeka,5.4,2.6,22.2,3.9,2.8,2.0,39.5,71.9,-
University of Salerno,7.5,2.3,4.7,31.9,3.0,1.9,87.0,7.1,-
University of San Diego,7.1,6.0,25.2,3.3,3.2,6.7,4.4,52.1,-
University of San Francisco,7.4,4.6,16.0,4.6,2.2,21.8,5.9,55.2,-
University of Texas at San Antonio,6.3,4.4,4.0,27.5,11.5,2.9,66.7,8.5,-
University of the Pacific,2.0,3.8,32.1,3.7,3.8,7.2,11.4,27.9,-
University of the Sunshine Coast ,2.6,2.9,2.2,22.9,3.2,22.1,42.0,2.9,-
University of the Western Cape,7.9,7.1,4.3,13.2,28.2,4.5,73.3,17.3,-
University of Toledo,3.2,6.1,8.4,25.1,8.6,8.5,47.0,9.3,-
University of Warmia and Mazury in Olsztyn,4.4,9.0,21.1,3.3,2.8,2.7,41.7,,-
University of Wisconsin Milwaukee ,7.8,4.5,9.9,15.6,8.1,4.4,42.4,8.8,-
University of Wolverhampton,2.9,2.7,9.9,7.9,35.3,71.9,41.1,3.4,-
Utah State University ,6.4,3.8,6.8,23.6,,1.7,51.9,9.6,-
Vancouver Island University,5.2,4.6,29.8,,,,,5,-
Vellore Institute of Technology (VIT),9.3,9.2,7.8,15.9,15.4,2.5,62.6,18.2,-
Voronezh State University,5.6,2.3,24.5,1.3,4.1,32.7,6.9,3.3,-
Warsaw University of Life Sciences – SGGW (WULS-SGGW),7.3,7.2,21.9,5.4,2.7,8.7,53.8,4.8,-
West Virginia University,6.0,7.4,11.9,22.5,6.0,6.1,56.8,18.7,-
Western Michigan University,5.7,6.6,11.5,6.2,29.4,10.8,41.5,19.6,-
Xi'an Jiaotong Liverpool University,3.9,2.0,7.2,6.4,99.1,6.6,31.2,2.7,-
Yildiz Technical University,6.7,15.0,6.7,5.9,4.6,15.3,39.0,4.2,-
 Don State Technical University,3.7,3.6,12.7,1.4,1.6,15.7,12.2,3.4,-
Akdeniz Üniversitesi,4.3,3.5,3.8,2.9,1.2,1.1,26.2,3.7,-
Al-Azhar University,9.5,5.0,10.5,1.3,1.1,7.9,45.7,9.3,-
Al-Balqa Applied University,3.8,5.6,5.3,2.3,4.1,2.4,23.3,13.1,-
Alexandru Ioan Cuza University,7.1,7.0,5.2,3.2,4.3,11.0,26.5,8.6,-
Anadolu University,3.2,4.7,15.5,3.4,2.0,3.5,15.6,9.1,-
Aoyama Gakuin University,5.8,12.9,5.9,2.3,17.8,3.0,10.3,8.8,-
Bahauddin Zakariya University ,4.8,6.3,1.9,9.6,,1.0,29.6,10.8,-
Birzeit university,5.1,11.8,5.3,2.5,15.7,4.8,22.1,44.7,-
British University in Egypt,4.5,3.5,20.7,2.0,2.9,2.9,9.6,7.5,-
California Polytechnic State University,3.1,10.8,7.7,3.8,,,27.6,26,-
California State University - Los Angeles,4.4,2.5,3.8,3.4,5.2,6.8,7.1,5.3,-
Católica de Córdoba,4.4,2.5,17.9,1.2,4.4,3.6,3.3,7.3,-
Central Michigan University,3.3,6.6,7.5,7.6,4.0,2.7,18.9,13.1,-
China University of Political Science and Law,3.9,16.7,11.6,1.1,6.8,2.1,6.0,3.1,-
Chung Yuan Christian University,4.4,5.1,4.8,14.2,5.5,9.7,17.4,20.4,-
Cleveland State University,3.8,5.1,10.1,5.8,3.3,8.9,16.7,12.3,-
Dokuz Eylül Üniversitesi,4.4,5.6,2.7,3.8,3.1,3.1,38.1,5.1,-
EGE UNIVERSITY,6.9,9.9,12.3,2.8,1.2,3.4,60.7,3.6,-
Feng Chia University,8.2,8.9,4.7,7.4,4.8,9.2,15.6,9.6,-
Florida Atlantic University - Boca Raton,4.6,6.4,5.9,10.7,8.9,4.1,44.1,12,-
Fu Jen Catholic University,6.3,10.3,5.6,7.3,7.3,17.1,9.5,20.2,-
Fundación Universidad De Bogotá-Jorge Tadeo Lozano,5.2,7.9,9.5,1.9,4.5,1.2,8.1,31.2,-
Gebze Yüksek Teknoloji Enstitüsü (GYTE),2.7,1.6,13.7,9.3,3.8,2.2,24.1,5.6,-
German University in Cairo,6.5,7.5,8.0,2.1,15.6,1.2,6.9,27,-
Hanoi University of Science and Technology,7.6,6.8,3.3,5.3,3.7,1.2,59.7,25.8,-
Helwan University ,6.0,9.1,5.4,1.6,1.3,1.8,36.9,4.8,-
Hohai University,3.5,1.4,9.1,12.3,,,55.3,4.6,-
Hongik University ,4.1,5.1,10.0,3.2,19.7,10.8,7.9,9.6,-
Humboldt State University,3.6,2.4,8.5,4.9,2.8,1.7,16.2,13.8,-
Illinois State University,3.3,4.1,6.6,5.3,5.0,2.8,14.3,14.3,-
Indiana State University,5.3,5.8,7.5,3.3,2.3,2.6,4.4,6.7,-
International Islamic University Islamabad (IIU),5.8,12.1,3.5,7.3,1.7,6.8,32.3,11.4,-
Irkutsk State University,3.1,1.5,22.9,1.5,2.6,4.4,9.9,9.9,-
Istanbul Bilgi Üniversitesi,3.5,5.3,16.0,2.1,7.0,24.8,7.0,18.3,-
Izmir Institute of Technology (IZTECH),5.1,2.3,5.7,10.0,4.4,2.6,13.4,6.1,-
Jamia Hamdard,3.9,2.7,8.6,11.5,,3.3,11.5,7.8,-
Kindai University (Kinki University),4.4,5.1,10.7,4.9,12.7,1.8,24.8,2.7,-
King Mongkut\'s Institute of Technology Ladkrabang,7.4,13.1,5.3,3.0,17.1,1.7,14.9,3.9,-
Kwansei Gakuin University,3.3,7.4,4.2,3.2,29.7,4.1,17.0,8.6,-
Lucian Blaga University of Sibiu,3.1,2.5,7.9,1.7,7.0,3.2,7.4,13,-
Makerere University,9.4,6.6,3.7,4.6,11.4,9.2,53.1,94.9,-
Mansoura University,11.1,5.8,3.5,2.4,2.3,2.9,74.9,6.4,-
Marmara University,5.2,5.1,6.3,2.2,3.3,4.0,32.6,20.8,-
Meiji University,6.4,22.1,5.8,1.8,10.1,6.2,15.7,16.5,-
Miami University,3.7,6.0,7.4,10.7,7.1,12.7,34.3,49.2,-
MIREA - Russian Technological University,3.6,3.6,9.7,1.5,1.4,3.8,7.2,6,-
Moscow City University,4.1,1.9,8.2,1.1,3.5,4.6,1.7,3.7,-
Moscow Pedagogical State University,6.5,3.1,8.3,1.5,1.2,28.1,6.4,3.3,-
National Dong Hwa University,5.0,2.4,8.2,6.8,3.3,10.4,11.1,6,-
National Research University Moscow Power Engineering Institute (MPEI),4.0,3.4,11.6,2.0,8.2,40.9,24.7,5.2,-
National Taipei University,6.7,4.2,9.3,3.5,2.4,4.2,5.9,15.6,-
National University of Life and Environmental Sciences of Ukraine,5.1,4.4,21.9,1.3,1.2,1.7,17.6,12.1,-
Northern Arizona University,6.6,6.1,4.9,13.9,3.0,2.6,48.9,5.3,-
Nova Southeastern University,2.9,4.7,15.8,3.4,3.1,4.4,23.5,9,-
Óbuda University,3.1,3.6,2.0,7.5,8.7,7.3,27.9,19.1,-
OSMANIA UNIVERSITY,4.0,3.2,3.8,16.2,,6.6,15.2,7,-
Panjab University,5.5,3.2,5.2,17.0,,1.7,31.7,51.2,-
Pontificia Universidad Catolica Madre y Maestra,4.6,8.5,12.5,1.2,12.4,21.1,3.5,65.8,-
Pontificia Universidade Católica do Campinas - PUC Campinas,4.9,4.0,8.1,2.0,2.6,1.0,1.6,4.7,-
Pontifícia Universidade Católica do Paraná,4.1,3.2,5.0,4.7,1.2,1.6,17.9,4.8,-
Pontifícia Universidade Católica do Rio Grande do Sul (PUCRS),6.9,4.3,8.8,5.4,2.5,1.6,25.3,3.1,-
Portland State University,4.3,3.4,9.8,11.3,1.0,6.0,53.5,6.6,-
Pukyong National University ,5.0,3.2,8.4,10.2,6.0,8.3,24.7,3.7,-
Rikkyo University,3.3,10.0,13.1,2.8,26.6,6.9,13.3,10.3,-
Russian State Agrarian University - Moscow Timiryazev Agricultural Academy,5.4,3.2,10.0,1.3,2.2,5.7,5.3,8.8,-
Russian State University for the Humanities ,4.5,2.4,22.5,1.3,1.6,4.3,1.2,6.4,-
"Rutgers, The State University of New Jersey, Camden",3.8,4.2,16.4,3.9,16.6,3.2,7.5,4.1,-
Saken Seifullin Kazakh Agrotechnical University,6.5,4.7,17.5,1.2,3.7,1.6,5.4,14.9,-
San Francisco State University,4.0,2.5,5.1,5.8,4.0,8.2,31.7,12.1,-
Shanghai Normal University,3.5,1.4,14.0,3.0,,,17.9,2.5,-
Shanghai University of Finance and Economics,4.0,4.0,10.2,3.0,14.3,2.5,18.0,29.2,-
Shibaura Institute of Technology,3.1,2.6,2.6,7.0,22.0,9.1,17.2,4.1,-
Slovak University of Agriculture in Nitra,4.6,4.1,18.2,4.4,9.7,3.0,24.1,32.5,-
Soochow University (Taiwan),4.3,7.2,4.8,1.9,4.6,4.5,3.4,5.6,-
Soongsil University,3.3,7.0,9.5,5.3,7.2,15.6,10.6,3.7,-
Southwest University,3.1,1.6,13.7,12.6,1.4,1.8,47.1,12.6,-
SRM INSTITUTE OF SCIENCE AND TECHNOLOGY,4.9,8.0,11.7,3.2,1.7,2.2,45.8,5.3,-
Stefan cel Mare University of Suceava,3.3,2.2,6.1,3.8,2.2,37.1,16.6,13.9,-
Suez Canal University,3.2,2.7,20.6,2.2,1.8,1.6,43.7,5.2,-
Suranaree University of Technology ,5.7,3.0,3.3,9.0,6.9,2.1,25.9,4.3,-
Tamkang University,5.0,5.6,3.7,6.3,7.7,9.0,17.5,24.5,-
Tanta University ,5.0,2.3,4.0,2.1,1.6,3.2,62.1,7.3,-
Technical University of Cluj-Napoca,4.5,5.0,7.0,3.5,1.4,2.6,31.0,9.1,-
"The ""Gheorghe Asachi"" Technical University of Iasi",5.3,6.0,2.6,5.7,,5.7,23.4,9.6,-
The Hashemite University,6.2,9.9,3.8,3.4,13.1,7.9,26.0,15.1,-
"The University of Notre Dame, Australia",3.0,5.5,2.9,7.4,3.2,1.5,18.8,6.5,-
The University of Texas at Arlington,5.7,5.9,4.7,11.8,3.8,15.6,50.4,5.4,-
Toraighyrov University,5.1,3.7,16.0,1.3,3.3,3.1,1.8,20,-
Transilvania University of Brasov,4.5,3.2,6.6,3.1,2.6,2.2,38.2,9.3,-
Tunghai University,5.4,7.2,5.7,3.9,11.3,15.1,15.4,9,-
Universidad Autónoma de Baja California,7.6,5.3,4.7,1.5,3.1,3.1,15.3,4.8,-
Universidad Autónoma de Chile,5.2,2.6,6.3,2.6,6.4,1.3,32.7,4.7,-
Universidad Autónoma de Querétaro (UAQ),4.4,3.4,6.7,2.6,6.5,1.7,7.6,4.4,-
Universidad Autónoma de San Luis de Potosí,6.2,2.2,6.1,2.5,1.8,1.4,18.6,4.3,-
Universidad Autonoma de Yucatan,4.7,1.6,5.5,2.4,2.5,1.1,12.1,4.9,-
Universidad Autónoma del Estado de Morelos (UAEM),3.6,2.2,11.4,1.6,4.0,1.0,24.4,4.3,-
Universidad Bernardo O'Higgins,3.8,1.4,9.7,2.0,10.1,2.0,8.9,6.9,-
Universidad Católica de Colombia ,5.5,8.0,4.8,1.5,5.8,1.2,,5.1,-
Universidad Católica de La Santísima Concepción - UCSC,3.5,2.4,9.4,2.5,6.4,1.2,21.2,4.8,-
Universidad Católica del Norte,5.0,4.1,6.7,5.8,15.1,3.1,33.7,4.5,-
Universidad Central de Chile,4.7,4.9,3.9,1.7,2.2,1.5,11.2,4.2,-
Universidad Central del Ecuador,9.3,8.8,11.4,1.2,,,10.3,24,-
Universidad de Caldas,5.5,4.2,2.7,1.7,,,7.8,3.9,-
Universidad de Carabobo,4.9,11.1,20.0,1.0,,,3.8,16.3,-
Universidad de Cartagena,3.9,6.8,3.9,10.3,2.8,1.1,43.7,3.9,-
Universidad de Cuenca,5.6,3.6,5.7,2.1,2.9,1.6,15.7,12.2,-
Universidad de Guanajuato,7.7,3.4,7.4,3.1,7.1,1.8,22.0,6.8,-
Universidad de La Frontera (UFRO),8.4,5.0,3.5,9.2,8.7,1.3,39.2,4.6,-
Universidad de La Salle,5.7,6.2,5.6,1.2,3.8,1.5,4.8,10.9,-
Universidad de La Serena,3.2,3.2,3.2,7.3,6.3,1.3,12.7,5.8,-
Universidad de Las Américas (UDLA) Ecuador,6.0,8.0,15.9,1.6,,,19.6,18.5,-
Universidad de las Fuerzas Armadas ESPE (Ex - Escuela Politécnica del Ejército),4.7,9.5,8.6,1.7,4.6,1.1,13.6,11.2,-
Universidad de Medellín,6.6,9.2,6.0,2.0,4.1,2.3,10.1,9.5,-
Universidad de Panama,6.4,12.5,4.0,1.1,4.7,2.5,7.3,1,-
Universidad de Piura,5.6,13.2,4.4,1.2,9.7,1.5,3.8,35.4,-
Universidad de Puerto Rico,9.2,11.0,9.1,2.5,1.4,1.5,38.5,47.9,-
Universidad de San Carlos de Guatemala - USAC,7.6,12.8,4.3,1.0,,,5.5,24.7,-
Universidad de Santander - UDES,3.4,3.2,6.1,1.4,22.2,,12.2,3.7,-
Universidad de Sonora,4.1,2.1,4.9,1.8,4.1,1.6,8.3,5.6,-
Universidad del Bío-Bío,7.9,4.6,3.2,3.4,10.8,1.4,32.1,4.4,-
Universidad del Cauca,10.0,4.1,5.7,1.7,25.7,1.1,13.9,3.9,-
Universidad del Desarrollo (UDD),5.9,14.5,12.7,2.3,7.7,2.2,16.3,5.1,-
Universidad del Magdalena,4.5,7.2,2.8,1.4,5.9,1.1,5.1,3.8,-
Universidad del Salvador,4.1,9.7,15.0,1.1,5.9,8.4,1.6,9.9,-
Universidad del Valle de Mexico (UVM),2.9,17.3,6.1,1.0,1.2,1.5,2.2,3.9,-
Universidad del Zulia,9.1,11.0,3.7,2.8,,,17.0,29.6,-
Universidad La Salle (ULSA),3.3,16.4,18.4,1.1,3.2,1.6,1.2,7.7,-
Universidad Mayor de San Andrés (UMSA),6.0,3.6,1.0,1.6,8.7,1.1,23.6,1,-
Universidad Metropolitana,8.3,17.6,5.0,1.1,22.9,1.3,,90.5,-
Universidad Nacional de Mar del Plata,9.6,3.0,7.3,3.7,,,22.5,5.5,-
Universidad Nacional de Quilmes,7.0,2.2,3.4,1.9,3.4,2.0,5.0,3.7,-
Universidad Nacional de San Martín (UNSAM),11.0,3.4,8.2,2.5,3.4,5.3,20.5,3.7,-
Universidad Nacional de Tucumán,7.4,2.5,2.9,1.9,,,33.4,3.3,-
Universidad Nacional del Comahue,4.1,2.2,23.4,1.4,,,17.5,3.5,-
Universidad Nacional del Litoral,11.6,6.0,3.1,2.5,1.6,1.1,15.8,3.4,-
Universidad Nacional del Sur,5.7,2.5,11.2,2.5,,,17.4,3.9,-
Universidad Popular Autónoma del Estado de Puebla (UPAEP),4.4,6.5,20.7,1.2,3.0,2.2,1.4,7.4,-
Universidad San Ignacio de Loyola,5.8,12.8,2.0,1.2,3.8,1.6,2.4,10.4,-
Universidad Tecnica Particular De Loja (UPTL),4.3,4.7,1.6,1.7,10.9,1.4,7.9,9.4,-
"Universidad Tecnológica de la Habana José Antonio Echeverría, Cujae",6.4,1.2,20.2,1.1,3.7,5.1,6.8,37,-
Universidad Tecnológica de Pereira,4.0,8.2,3.6,1.9,1.5,1.0,12.9,3.7,-
Universidad Veracruzana,8.7,4.0,8.8,1.4,,,14.0,4,-
Universidade do Estado de Santa Catarina,3.2,1.4,27.6,1.9,,,10.4,3.2,-
Universidade Estadual de Londrina,2.9,4.6,16.6,3.8,2.0,1.4,14.6,2.9,-
Universidade Federal da Bahia,8.2,3.0,9.8,3.2,6.1,1.6,50.1,10.4,-
Universidade Federal da Paraíba,3.3,3.0,11.2,3.2,2.9,1.2,28.4,2.7,-
Universidade Federal de Goiás,3.2,1.5,7.8,4.4,4.1,1.3,26.7,2.7,-
Universidade Federal de Santa Maria,5.3,1.7,14.5,4.9,2.9,1.3,37.1,4.8,-
Universidade Federal de Uberlândia,3.1,2.2,12.8,3.3,2.5,1.4,44.7,2.8,-
Universidade Federal de Viçosa (UFV),4.5,2.1,14.6,8.6,3.3,2.0,25.2,4.1,-
Universidade Federal do Ceará (UFC),6.9,3.0,10.2,5.9,1.4,1.3,44.2,2.7,-
Universidade Federal do Estado do Rio de Janeiro - UNIRIO,2.7,1.9,13.5,2.2,,,9.0,3.2,-
Universidade Federal do Parà - UFPA,2.8,1.9,8.0,2.5,3.2,1.0,28.8,2.6,-
Universidade Federal do Rio Grande Do Norte,3.8,2.2,8.1,2.7,,,35.4,5.3,-
Universidade Federal Fluminense ,8.9,3.2,10.9,3.6,6.0,1.6,54.5,7.5,-
Universidade Presbiteriana Mackenzie,3.2,9.2,9.1,1.8,5.7,1.2,7.2,57.5,-
"Universita' degli Studi ""G. d'Annunzio"" Chieti Pescara",3.0,1.2,3.6,23.5,4.5,3.4,64.0,5.2,-
Università degli studi di Bergamo,4.7,2.4,3.2,5.2,19.8,7.5,19.6,4.9,-
Universitas Andalas,5.3,3.1,5.7,1.3,1.2,1.1,5.5,5.6,-
Universitas Muhammadiyah Surakarta,4.0,1.9,7.1,1.1,4.8,1.1,5.3,5.6,-
Universitas Sumatera Utara,5.9,3.9,17.9,1.3,5.2,2.4,9.1,6.4,-
Universitatea de Vest din Timisoara / West University of Timisoara,8.8,6.2,5.3,2.8,1.8,5.8,22.0,16.9,-
Université de Caen Normandie,8.2,2.2,6.5,4.3,10.3,7.7,51.1,2.7,-
Université de Tunis,4.9,1.2,16.3,1.8,,,10.5,,-
Université de Tunis El Manar,6.2,1.4,16.9,4.3,6.9,2.3,79.5,19.7,-
Université Jean Moulin Lyon 3,7.9,4.5,1.9,2.0,28.6,31.4,5.3,4.4,-
Université Paris-Nanterre,11.7,2.9,3.2,3.1,11.0,1.6,42.8,21.5,-
University of Babylon,3.3,5.0,13.8,1.9,1.1,1.0,15.1,42.9,-
University of Basrah,4.0,5.0,14.0,1.4,1.1,,17.4,41.4,-
University of Central Oklahoma,3.0,1.2,10.3,1.3,18.3,12.2,3.9,4.3,-
University of Colombo,10.2,8.6,3.4,2.9,1.2,1.2,14.7,69.6,-
University of Ghana,9.2,6.2,3.5,5.5,6.1,1.9,51.1,88.7,-
University of International Business and Economics,3.2,1.8,11.1,2.4,8.3,35.2,8.6,15.7,-
University of Karachi,10.3,15.7,1.6,4.4,4.2,1.1,36.4,13.6,-
University of Khartoum,5.8,6.2,10.6,2.6,,1.7,34.2,,-
University of Kragujevac,3.5,2.7,13.2,3.5,1.0,1.1,37.4,13.3,-
University of Memphis,3.0,6.2,14.3,10.5,3.1,3.3,41.4,10.6,-
University of Niš,4.9,4.4,14.4,2.9,,7.0,50.6,12.1,-
University of North Carolina at Charlotte,5.6,5.1,5.3,13.1,7.2,6.1,61.4,12.6,-
University of North Carolina at Greensboro,3.2,5.2,8.9,10.9,8.1,2.6,40.2,4,-
University of Northern British Columbia,3.4,15.1,3.0,,,,,12.8,-
University of Novi Sad,7.9,4.6,10.2,3.5,,,80.5,10.3,-
University of Rzeszów,3.9,1.1,19.4,2.4,,1.9,28.2,4.8,-
University of Sarajevo ,4.8,3.2,4.1,2.1,,3.3,38.9,,-
University of Silesia in Katowice,5.0,3.9,14.9,4.1,3.1,3.3,54.8,4.5,-
University of South Alabama (USA),5.0,5.6,16.3,6.7,,2.0,19.7,4.3,-
University of Split,5.4,2.1,3.7,3.9,1.6,2.5,42.7,67.1,-
University of Texas El Paso ,4.6,2.4,5.4,17.2,8.5,6.7,45.4,4.8,-
University of West Bohemia ,5.7,1.8,13.1,4.4,,,38.8,18.7,-
University POLITEHNICA of Bucharest,5.7,7.9,4.0,6.4,1.5,3.1,56.6,8.2,-
"University Politehnica of Timisoara, UPT",3.0,3.2,8.6,3.6,1.2,2.3,17.1,12.2,-
VSB - Technical University of Ostrava,4.3,7.7,12.6,4.0,7.5,16.7,41.7,9,-
Western Washington University,3.1,5.2,7.0,5.5,11.3,1.4,11.2,4.2,-
Yarmouk University,10.0,11.8,2.5,2.3,4.1,10.2,12.1,23.3,-
Youngsan University,4.1,9.4,18.0,1.2,2.8,6.3,,5.1,-
Yuan Ze University,4.6,5.9,7.0,12.8,7.1,9.0,8.7,8.3,-
Zagazig University,5.0,3.1,3.2,2.3,1.2,2.1,46.3,4.8,-
Ataturk University,3.5,1.9,3.1,4.0,3.0,4.1,29.6,3.6,-
California State University Long Beach,3.3,4.2,7.6,,,,,9.6,-
Cukurova University,3.4,2.0,4.0,2.5,2.5,5.6,41.1,3.7,-
Damascus University,5.5,4.4,1.1,1.2,1.7,1.5,7.8,69.8,-
Erciyes Üniversitesi,2.9,2.0,2.1,4.9,4.4,6.2,38.1,3.6,-
Pontificia Universidade Católica do Minas Gerais - PUC Minas,3.7,4.6,1.9,1.5,,,5.4,8.7,-
Sakarya University,2.9,3.0,2.4,3.1,2.0,11.0,21.0,3.6,-
Sudan University of Science and Technology,3.3,2.8,4.0,1.2,2.0,1.6,7.7,,-
Universidad Autónoma de Guadalajara (UAG),5.8,6.0,,,,,3.5,5.4,-
"Universidad Católica Boliviana ""San Pablo""",4.1,4.8,3.8,1.1,2.7,3.3,1.6,1,-
Universidad Católica de Santiago de Guayaquil,3.4,7.5,2.8,1.2,4.4,1.0,5.9,30.3,-
Universidad Católica de Temuco,3.1,1.4,2.1,4.1,,,10.6,4.6,-
Universidad de Tarapaca,3.3,3.0,1.9,6.3,,,30.2,4.9,-
Universidad Mayor de San Simón Cochabamba,3.6,3.3,1.2,1.2,,,13.7,1,-
Universidad Michoacana de San Nicolás de Hidalgo,3.4,2.3,2.8,2.1,,,19.3,4.1,-
Universidad Nacional Autónoma de Honduras (UNAH),4.6,5.8,3.6,1.0,1.7,,8.1,,-
Universidad Tecnológica de Bolívar,3.0,5.8,2.4,2.2,9.3,1.3,8.8,30.9,-
Université Mohammed V de Rabat,2.8,2.6,3.2,3.6,5.2,2.8,51.1,,-
University of Craiova,3.3,1.8,2.7,2.0,,,7.5,8.7,-
University of Oradea,4.0,2.1,3.3,1.5,1.7,7.9,16.6,9.7,-
